기업명,title,작성일,content,신문사,링크,비고,cluster_id,summary,topic
삼성전자,“한국서 하루 1대도 안 팔려” 망한 줄 알았더니…삼성 제친 ‘초강수’ 무슨 일이,2025-10-10 20:40:00+09:00,"모토로라, 두께 6㎜ ‘초슬림폰’ 11월 출시 전망 폴더블 시장 삼성 꺾어…‘가성비’로 몸집 불려 예상 출고가 114만원…삼성보다 36만원 저렴 [헤럴드경제=차민주 기자] 모토로라가 두께 6㎜에 달하는 ‘초슬림폰’ 신작을 다음 달 출시한다. 전 세계 폴더블 시장에서 모토로라가 삼성전자를 제치는 등 전례 없는 인기를 끌면서, ‘가성비 초슬림폰’으로 다시 한번 삼성전자·애플과의 점유율 경쟁에 나선 것으로 풀이된다. 10일 정보통신기술(ICT) 업계에 따르면 모토로라는 11월 5일 초슬림폰 ‘엣지70’을 전 세계 대상으로 출시한다. 이는 오는 10월 말 중국에서 출시되는 ‘모토X70 에어’의 글로벌 버전이다. 폰모바일 등 외신 등에 따르면 모토로라가 출시한 역대 스마트폰 중 가장 얇은 6㎜ 두께를 선보일 것으로 내다보고 있다. 이는 삼성전자의 갤럭시S25 엣지(5.8㎜), 아이폰17 에어(5.6㎜)와 비슷한 두께다. 무게는 170g으로, 갤럭시S25 엣지(163g), 아이폰17에어(165g)보다 다소 무겁다. 아울러 엣지70에는 4800mAh 배터리가 탑재되는 것으로 알려졌다. 갤럭시S25 엣지(3900mAh), 아이폰17 에어(3149mAh)에 비해 넉넉한 용량으로, 초슬림폰의 단점으로 지적됐던 배터리 문제를 해결한 셈이다. 업계는 엣지70에 퀄컴의 차세대 프리미엄 모바일 칩셋 ‘스냅드래곤 8 젠(Gen) 5’가 도입할 것으로 내다보고 있다. 앞서 퀄컴이 해당 칩의 초기 파트너로 모토로라를 선정한 바 있다. 또 최대 12기가바이트(GB) 램과 512GB 저장 용량을 제공할 것으로 전망된다. 카메라 사양은 20도 시야각을 즐길 수 있는 초광각 렌즈와 손떨림보정(OIS) 기능이 도입된 50MP 메인이 탑재된다. 업계는 앞서 모토로라가 폴더블폰 시장에서 저렴한 가격으로 인기를 끌면서 이변을 일으킨 가운데, ‘가성비 초슬림폰’을 내세워 다시 한 번 점유율 확대에 나선 것으로 풀이하고 있다. 엣지70의 예상 출고가는 약 114만원(690유로)이다. 이는 갤럭시S25 엣지(256GB·149만6000원), 아이폰17에어(159만원)에 비해 약 36만원 저렴한 가격이다. 시장조사기관 카운터포인트리서치에 따르면 올 2분기 전 세계 폴더블폰 시장에서 모토로라는 삼성전자 제치고 출하량 2위(25%)를 차지했다. 이는 지난해 동기 출하량(14%) 대비 2배 이상 성장한 수치다. 삼성전자 출하량은 9%로 지난해 동기(21%) 대비 12%포인트 주저앉았다. 카운터포인트리서치는 모토로라의 폴더블폰이 삼성전자에 비해 낮은 가격으로 출시되면서 미국 시장에서 경쟁력을 얻었다고 분석했다. 모토로라 폴더블 신제품의 기본형 모델 ‘레이저 60’의 미국 시장 출고가는 699달러(한화 약 97만원)다. 삼성전자의 Z플립7 미국 출고가 1099달러(한화 약 153만원)과 비교하면 56만원이나 저렴하다. chami@heraldcorp.com",heraldcorp.com,https://biz.heraldcorp.com/article/10591103?ref=naver,정상 (1차),-1,"이 기사는 모토로라가 '가성비' 전략을 통해 폴더블폰 시장에 이어 초슬림폰으로 프리미엄 스마트폰 시장 점유율 확대를 노리는 성장 동력을 보여줍니다. 이는 빠르게 변화하는 시장에서 혁신적인 제품 개발과 효율적인 비용 전략을 통해 경쟁 우위를 확보하는 것이 중요함을 시사합니다. 관련 기업들은 이러한 시장 트렌드를 분석하고, 가치 제안을 극대화할 수 있는 제품 기획 및 마케팅 역량을 갖춘 인재를 필요로 할 것입니다.",신제품/서비스 출시
삼성전자,"‘창립 42주년’ SK하이닉스, 주가 42만원 돌파… AI 메모리 호황에 시총 300조 넘어",2025-10-10 20:00:00+09:00,"창립 42주년을 맞은 SK하이닉스의 주가가 개장 직후 42만원을 돌파하며 사상 처음으로 시가 총액이 300조원 고지를 밟았다. 이에 따라 SK그룹 시총도 사상 처음 400조원을 돌파했다. 챗GPT 개발사인 오픈AI와 협력 모멘텀과 반도체 업황 회복과 3분기 실적에 대한 기대감, 고대역폭 메모리(HBM) 시장 리더십 등이 맞물린 결과로 풀이된다. 10일 오전 한국거래소에 따르면 SK하이닉스의 주가는 개장과 함께 42만6000원으로 시작해 한때 전일 대비 11% 넘게 오른 43만9250원까지 상승, 44만원에 육박했다. 시가총액은 창립 이래 처음으로 300조원을 돌파해 317조원을 기록했다. 지난 6월 시가총액 200조원을 처음 넘어선 뒤 4개월여만에 ‘300조원 돌파’ 신기록을 세운 것으로, 지난해 말(126조6000억원)과 비교해 1년이 채 되지 않아 180조원 이상 불어난 셈이다. 2012년 SK그룹에 편입된 SK하이닉스는 인수 직전인 2011년 시가총액이 약 13조원 수준이었으나 이후 꾸준히 우상향해 2021년 1월에는 100조원을 넘어섰다. 같은 해 3월 110조원까지 올랐던 SK하이닉스의 시가총액은 메모리 시장 침체로 2023년 3월에는 55조원대로 반토막나기도 했다. 이후 SK하이닉스는 제품과 기술 개발에 매진하며 고대역폭 메모리(HBM) 등 고부가가치 제품 위주로의 포트폴리오 전환에 나서며 현재의 성과를 이룩할 수 있었다. 특히 인공지능(AI) 시대가 도래하며 AI 산업에 필수인 HBM 등의 메모리 수요가 급증하며 종전 메모리 국내 1위이던 삼성전자를 제치고 글로벌 D램 시장 1위를 차지하게 됐다. 최근 반도체 업턴(상승 국면) 흐름과 차세대 HBM인 HBM4(6세대) 양산체제 구축, 오픈AI와 글로벌 AI 인프라 파트너십 등도 최근 주가 상승 국면을 이끌었다. 최태원 SK그룹 회장과 샘 올트먼 오픈AI 최고경영자(CEO) 등 양사 경영진은 지난 1일 서울 종로구 SK서린빌딩에서 만나 메모리 공급 의향서(LOI)와 서남권 AI DC 협력에 관한 양해각서(MOU)를 체결했다. 이에 따라 SK는 글로벌 AI 인프라 구축을 위한 스타게이트 프로젝트에 핵심 파트너로 참여하기로 했다. SK하이닉스는 11월 충북 청주에 신규 D램 생산기지인 M15X를 준공하고 주문이 쇄도하는 HBM 수요에 대응할 계획이다. 현재 50% 이상의 점유율로 HBM 시장 최대 공급자 지위를 가진 SK하이닉스는 AI 큰손 엔비디아를 비롯한 주요 빅테크에 대부분의 HBM 물량을 공급하고 있다. 올해 HBM 물량을 이미 완판한 상태며 내년 물량 계약도 협상 중이다. HBM4도 최근 개발을 성공적으로 마무리하고 양산 체제를 세계 최초로 구축했다. 앞서 SK하이닉스는 지난 3월 엔비디아 등 주요 고객사에 HBM4 샘플을 공급했으며, 내년부터 본격적인 공급에 나설 것으로 전망된다. 글로벌 신용평가기관 S&P는 “경쟁사들의 HBM 시장점유율은 상승할 수 있지만 SK하이닉스의 우월한 기술력과 양산 경험을 고려할 때 향후 2년 동안 선도적인 시장 입지가 크게 위축될 가능성은 낮아 보인다”고 전망했다. 한편 SK하이닉스의 선전으로 SK그룹 전체 시총은 이날 423조원을 기록했다. 지난 2004년 당시 약 25조원보다 16배 증가한 규모다. 또 삼성이 2017년 3월 시총 400조원을 넘어선 이래 국내 그룹으로는 8년 만이다. SK그룹은 SK하이닉스가 확보한 반도체 리더십을 앞세워 AI 산업에 역량을 집중할 방침이다. 오는 2030년까지 반도체와 AI 등 분야에 82조원을 투자하겠다고 밝힌 것도 같은 맥락이다. Copyright ⓒ 세계일보. 무단 전재 및 재배포 금지",segye.com,https://www.segye.com/newsView/20251010509575?OutUrl=naver,정상 (1차),1,"SK하이닉스는 고대역폭 메모리(HBM) 시장의 독보적인 리더십과 오픈AI와의 전략적 파트너십을 기반으로 AI 시대의 핵심 기업으로 급성장하고 있습니다. 이는 기술 개발 역량과 고부가가치 제품으로의 성공적인 포트폴리오 전환이 핵심 동력임을 보여주며, 인공지능 및 반도체 분야에서 혁신을 주도하고 전략적 협력을 통해 성장할 수 있는 전문성과 도전 정신을 가진 인재를 필요로 함을 시사합니다.",경영전략/리더십
삼성전자,"코스피, 3610.6 최고치 마감… 하이닉스·삼성전자 ‘반도체 쌍두마차’가 견인",2025-10-10 19:49:56+09:00,"코스피가 추석 황금연휴 직후인 10일 단숨에 사상 처음 3600선을 돌파한 채 장을 마감했다. 추석 직전에 이어 이번에도 SK하이닉스, 삼성전자 등 반도체 주가 코스피 상승을 견인했다. 이러한 반도체 강세는 연말까지 이어질 것이란 분석이 나온다. 한국거래소(KRX)에 따르면 이날 코스피는 전장보다 61.39포인트(1.73%) 오른 3610.60에 장을 마쳤다. 지수는 전장보다 48.90 포인트(1.38%) 오른 3598.11로 출발해 장 초반 사상 처음 3600선을 돌파한 후 전일 대비 61.39 포인트(1.73%) 오른 3610.60로 장을 마감했다. 코스피는 한때 3617.86까지 올라 장 중 역대 최고치를 새로 쓰기도 했다. 코스피는 연휴 시작 직전인 지난 2일에도 3549.21에 거래를 마감하며 사상 처음 3500선을 뚫기도 했다. 코스피 상승을 이끈 것은 반도체 대형주다. 개장 1시간 만에 삼성전자와 SK하이닉스 두 종목의 거래 대금이 4조원에 육박했다. 유가증권시장 전체 거래대금(19조1510억원)의 32.4%(6조2230억원)를 단 두 종목이 차지했다. 고대역폭 메모리(HBM) 1위 기업인 SK하이닉스의 장중 주가는 KRX 기준 43만8750원까지 치솟았다 전일 대비 8.22% 오른 42만8000원에 장을 마쳤다. 이로써 SK하이닉스의 시가총액은 창립 이래 처음으로 300조원을 돌파하며 311조5850억원이 됐다. 삼성전자도 6.07% 뛴 9만4400원에 마감하며 52주 신고가를 경신했다. 이는 연휴 직전 샘 올트먼 오픈AI 최고경영자(CEO)가 방한해 ‘스타게이트 이니셔티브’ 일환으로 국내 반도체 기업과 파트너십을 발표한 데 이어 연휴 동안 미국의 반도체 회사 AMD가 오픈AI와 대규모 공급 계약을 체결하면서 AI 수요 급증 기대감이 커진 영향이다. 이 같은 반도체 훈풍은 대형주를 넘어 소부장(소재·부품·장비) 종목에도 불어 이날 한미반도체(18.39%)와 대덕전자(15.31%), 제주반도체(9.35%)도 주가가 크게 올랐다. 특히 외국인 투자자의 매수세가 강했다. 외국인 투자자는 이날 하루만 1조600억원 순매수하며 각각 520억원, 5940억원 순매도한 개인과 기관 투자자와 대비되는 행보를 보였다. 외국인 매수세는 특히 반도체 주에 집중됐다. 삼성전자의 경우 5998억원 순매수하면서 주가가 6% 넘게 오르는 데 한몫을 했다. 반도체를 앞세운 한국 증시 강세장이 연말까지 이어질 것이라는 게 전문가들의 전망이다. 김태홍 그로쓰힐자산운용 대표는 “반도체 업황은 향후 최소 6개월간 강한 반등세를 보일 것”이라며 “단기 조정이 올 때마다 분할 매수할 만하다”고 조언했다. Copyright ⓒ 세계일보. 무단 전재 및 재배포 금지",segye.com,https://www.segye.com/newsView/20251010512508?OutUrl=naver,정상 (1차),2,"이 뉴스는 AI 수요 증가에 힘입은 반도체 산업이 코스피 사상 최고치 달성을 견인하는 핵심 성장 동력임을 보여줍니다. 이는 고대역폭 메모리(HBM) 등 첨단 기술 분야에서 높은 시장 성장 잠재력을 의미하며, 관련 산업 전반에서 혁신과 성장을 주도할 인재에 대한 수요가 커지고 있음을 시사합니다. 따라서 해당 분야 지원자들에게는 긍정적인 커리어 기회가 확대되고 있음을 의미합니다.",시장동향/트렌드 분석
삼성전자,‘에브리싱 랠리’에 코스피도 3600 찍고 최고가…환율도 이례적 급등 왜? [투자360],2025-10-10 19:40:41+09:00,"대형 반도체株 랠리 지속…달러 강세 한번에 반영 코스피 3600 넘었는데 환율도 1420원대로 뛰어 [헤럴드경제=이정환 기자] 긴 추석 연휴이후 첫 날 코스피가 3600선을 가볍게 뚫고 사상 최고가를 경신했다. 하지만 원/달러 환율도 함께 치솟아 1420원대로 올라섰다. 원/달러 환율이 이례적으로 강세를 보인 것은 연휴 기간 달러 강세가 한꺼번에 반영된 것으로 보인다. 10일 한국거래소에 따르면 코스피는 전장보다 61.39포인트(1.73%) 오른 3610.60으로 거래를 마쳤다. 지수는 전장보다 48.90포인트(1.38%) 오른 3598.11로 출발한 뒤 장 중 한때 3617.86까지 뛰어 역대 최고치를 기록했다. 삼성전자가 6.07%, SK하이닉스가 8.22% 급등하는 등 시가총액 상위 반도체주가 전체 지수 상승을 견인한 모양새다. 외국인 투자자는 지난 2일 유가증권시장에서 3조1270억원을 순매수한 데 이어 이날도 1조610억원을 순매수하며 강한 매수세를 지속했다. 코스닥지수는 전장보다 5.24포인트(0.61%) 오른 859.49로 마감됐다. 이날 서울 외환시장에서 미국 달러화 대비 원화 환율의 주간 거래 종가(오후 3시30분 기준)는 전 거래일보다 21.0원 뛴 1421.0으로 집계됐다. 종가 기준으로 지난 4월 30일(1421.0원) 이후 최고 수준이었고, 일간 상승 폭도 4월 7일(33.7원) 이후 6개월여 만에 가장 컸다. 주요 6개국 통화 대비 달러 가치를 나타내는 달러인덱스가 지난 2일 97선에서 이날 100선으로 바짝 다가서는 등 달러 강세가 나타난 점이 환율 상승의 주요 원인으로 꼽혔다. 미국 정부의 3500억달러 규모 현금 투자 압박이 해소되지 않은 점도 환율 상승 요인으로 거론됐다. 이 밖에 차기 일본 총리로 유력한 다카이치 사나에 자민당 총재가 아베노믹스를 계승할 것이라는 시장 전망이 엔화 약세로 이어진 점도 환율 상승 배경 중 하나가 됐다. 서정훈 하나은행 수석연구위원은 “미국 관세 관련 불확실성이 여전한 가운데 대미 투자 부담 등이 원화 약세를 자극하는 주요 요인”이라고 분석했다. 이어 “미국 정부 셧다운, 미국 연준 기준금리 인하 속도 불확실성, 주요국 재정 건전성 불안 등이 안전자산 선호 심리를 자극하는 점도 원화에 부정적”이라고 덧붙였다. attom@heraldcorp.com",heraldcorp.com,https://biz.heraldcorp.com/article/10591233?ref=naver,정상 (1차),-1,"이 기사는 대형 반도체주의 강세로 코스피가 사상 최고치를 경신하며 해당 산업의 강력한 성장 동력을 보여주고 있음을 시사합니다. 하지만 동시에 원/달러 환율이 급등하여 글로벌 경제 불확실성과 외환 변동성 심화라는 잠재적 위기 요인을 함께 드러내고 있습니다. 따라서 지원자는 특정 산업의 성장 기회를 인지하는 동시에, 환율 및 글로벌 경제 흐름이 기업 경영에 미치는 영향을 이해하고 대응할 수 있는 거시 경제 통찰력을 갖추는 것이 중요합니다.",시장동향/트렌드 분석
삼성전자,코스피 사상 첫 3600 돌파… ‘9만전자·42만닉스’ 반도체주 랠리｜주간동아,2025-10-10 19:20:01+09:00,"코스피가 사상 처음으로 3610선을 돌파한 10월 10일 서울 중구 하나은행 본점 딜링룸 전광판에 종가가 표시돼 있다. 뉴스1 긴 연휴를 끝내고 거래를 재개한 국내 증시가 뜨겁게 달아올랐다. 10월 10일 코스피는 전 거래일 대비 1.73%(61.39포인트) 오른 3610.6에 장을 마감했다. 코스피가 3600선을 돌파한 건 사상 최초다. 삼성전자, SK하이닉스 등 반도체주를 중심으로 투자심리가 회복된 영향으로 풀이된다. 이날 삼성전자는 전 거래일 대비 6.07% 오른 9만4400원, SK하이닉스는 8.22% 상승한 42만8000원에 각각 장을 마쳤다. 특히 삼성전자는 종가 기준 역대 최고가를 기록하며 전체 지수 상승을 견인했다. 9월 29일부터 10월 10일까지 투자 흐름을 분석한 결과 외국인과 기관은 삼성전자를 집중 매수했다. 외국인은 3조454억 원, 기관은 2480억 원 어치를 각각 순매수한 것으로 나타났다. 반면 개인 투자자들은 같은 기간 삼성전자를 3조2746억 원 순매도하며 ‘팔자’에 나섰다. 약 4년 만의 ‘9만전자’ 회복에 차익 실현에 나선 것으로 분석된다. 기간 : 9월 29일~10월 10일 | 자료 : 한국거래소 10월 10일 한국거래소에 따르면 9월 29일~10월 10일 외국인이 가장 많이 매수한 종목은 삼성전자로 집계됐다(오후 3시 45분 기준). 2~10위는 두산에너빌리티, 삼성전자우, SK하이닉스, 현대힘스, 현대로템, 현대차, 삼성전기, LG디스플레이, 삼성중공업이었다. 외국인의 순매도 상위 10개 종목은 SK스퀘어, LIG넥스원, 알테오젠, 삼양식품, LG에너지솔루션, SK텔레콤, HMM, 셀트리온, 테크윙, 롯데관광개발이었다. 기간 : 9월 29일~10월 10일 | 자료 : 한국거래소 기관의 순매수 1위 종목은 삼성전자였다. SK스퀘어, 두산에너빌리티, 네이버, 삼성전자우, 한미반도체, HD현대미포, 원익IPS, 미래에셋증권, 삼양식품이 뒤를 이었다. 기관이 가장 많이 매도한 10개 종목은 현대힘스, SK하이닉스, 카카오, 한화에어로스페이스, KT&G, 한국전력, LG화학, 현대모비스, 삼성SDI, LG전자였다. 기간 : 9월 29일~10월 10일 | 자료 : 한국거래소 개인의 순매수 상위 10개 종목은 HMM, 카카오, SK텔레콤, 하이브, 지투지바이오, 한화비전, 두산, 삼성SDI, 엔씨소프트, 대한항공이었다. 개인이 가장 많이 매도한 종목은 삼성전자였으며 두산에너빌리티, 삼성전자우, SK하이닉스, 한미반도체, 네이버, 에이피알, 한화오션, HD현대중공업, 현대로템이 뒤를 이었다. *유튜브와 포털에서 각각 ‘매거진동아’와 ‘투벤저스’를 검색해 팔로잉하시면 기사 외에도 동영상 등 다채로운 투자 정보를 만나보실 수 있습니다.",donga.com,https://weekly.donga.com/3/all/11/5893651/1,정상 (1차),3,"이 기사는 코스피 사상 최고치 경신과 함께 삼성전자, SK하이닉스 등 반도체 주식의 견고한 상승세를 보여주며 국내 주요 산업의 성장 동력을 시사합니다. 이는 특히 반도체 및 관련 기술 산업 분야에서 지속적인 성장과 투자가 이루어지고 있음을 나타내어, 해당 분야 직무를 희망하는 지원자에게는 긍정적인 고용 기회 확대와 산업의 밝은 전망을 의미합니다. 따라서 지원자는 이 같은 시장 흐름을 이해하고 관련 기술 역량을 어필하는 것이 중요합니다.",시장동향/트렌드 분석
삼성전자,삼성전자·하이닉스 쌍끌이…투톱 빼면 주춤,2025-10-10 19:01:00+09:00,"[앵커] 코스피는 불장인데, 이게 착시효과는 아닌지도 봐야할 것 같습니다. 삼성전자와 sk 하이닉스 반도체주를 빼면 대다수 종목은 하락세를 면치 못했고, 원화 환율도 치솟았습니다. 이어서 배정현 기자입니다. [기자] 시가총액 1위 삼성전자 주가는 오늘 9만 4400원에 장을 마감했습니다. 종가 기준으로 9만 원선을 넘어선 건 지난 2021년 1월 이후 약 4년 9개월 만인데요. 지난해 말 '4만 전자', '5만 전자'라고 불리던 시기도 있었지만 AI 훈풍에 힘입어 다시 '9만 전자'로 복귀한 겁니다. 시총 2위 SK하이닉스도 8% 넘게 오르며 '42만 닉스'를 달성했습니다. 젠슨 황 엔비디아 최고경영자의 AI 낙관론이 엔비디아와 AMD 등 글로벌 반도체기업에 호재로 작용하면서 국내 반도체주도 덩달아 올랐다는 분석입니다. 반도체 대형주가 코스피 상승을 주도했지만 방산, 조선, 철강 등 비반도체 산업은 오히려 주가가 내려갔습니다. 반도체 쏠림효과를 제외하면 진정한 불장이라고 보기에는 어렵다는 지적도 나옵니다.= 여기에 환율도 시장을 위협하는 변수입니다. 원달러 환율은 연휴 직전보다 21원 오른 1421원으로 장을 마쳤습니다. 12.3 비상계엄 이후 정국불안이 이어지던 5월 이후 최고입니다. 한미 관세협상이 장기화되고 일본 신임 여당 총재가 대대적인 돈 풀기 정책을 시사해 엔화가치가 하락한 것이 영향을 미쳤다는 분석입니다. [차영주 / 와이즈경제연구소장] ""연휴 기간 동안에 환율이 우리의 의지와는 다르게 엔화라든지 달러화에 반응하면서 단기간에 움직였다."" 전문가들은 장기적 증시 상승세를 이어가기 위해선 경제체질 개선이 뒤따라야 한다고 조언합니다. 채널A 뉴스 배정현입니다. 영상취재 : 한효준 영상편집 : 방성재 코스피는 불장인데, 이게 착시효과는 아닌지도 봐야할 것 같습니다. 삼성전자와 sk 하이닉스 반도체주를 빼면 대다수 종목은 하락세를 면치 못했고, 원화 환율도 치솟았습니다. 이어서 배정현 기자입니다. [기자] 시가총액 1위 삼성전자 주가는 오늘 9만 4400원에 장을 마감했습니다. 종가 기준으로 9만 원선을 넘어선 건 지난 2021년 1월 이후 약 4년 9개월 만인데요. 지난해 말 '4만 전자', '5만 전자'라고 불리던 시기도 있었지만 AI 훈풍에 힘입어 다시 '9만 전자'로 복귀한 겁니다. 시총 2위 SK하이닉스도 8% 넘게 오르며 '42만 닉스'를 달성했습니다. 젠슨 황 엔비디아 최고경영자의 AI 낙관론이 엔비디아와 AMD 등 글로벌 반도체기업에 호재로 작용하면서 국내 반도체주도 덩달아 올랐다는 분석입니다. 반도체 대형주가 코스피 상승을 주도했지만 방산, 조선, 철강 등 비반도체 산업은 오히려 주가가 내려갔습니다. 반도체 쏠림효과를 제외하면 진정한 불장이라고 보기에는 어렵다는 지적도 나옵니다.= 여기에 환율도 시장을 위협하는 변수입니다. 원달러 환율은 연휴 직전보다 21원 오른 1421원으로 장을 마쳤습니다. 12.3 비상계엄 이후 정국불안이 이어지던 5월 이후 최고입니다. 한미 관세협상이 장기화되고 일본 신임 여당 총재가 대대적인 돈 풀기 정책을 시사해 엔화가치가 하락한 것이 영향을 미쳤다는 분석입니다. [차영주 / 와이즈경제연구소장] ""연휴 기간 동안에 환율이 우리의 의지와는 다르게 엔화라든지 달러화에 반응하면서 단기간에 움직였다."" 전문가들은 장기적 증시 상승세를 이어가기 위해선 경제체질 개선이 뒤따라야 한다고 조언합니다. 채널A 뉴스 배정현입니다. 영상취재 : 한효준 영상편집 : 방성재 Copyright Ⓒ 채널A. All rights reserved. 무단 전재, 재배포 및 AI학습 이용 금지",ichannela.com,https://www.ichannela.com/news/main/news_detailPage.do?publishId=000000495548,정상 (1차),-1,"이 기사는 AI 반도체 산업의 급격한 성장이 현재 한국 증시의 핵심 동력임을 보여주며, 관련 기술 전문성과 시장 변화에 대한 이해를 갖춘 인재의 중요성을 강조합니다. 그러나 반도체 쏠림 현상과 고환율 등 거시경제적 불안정성이 상존하므로, 지원자는 특정 산업의 호황에만 집중하기보다 넓은 시야로 경제 체질 개선에 기여하고 불확실성에 유연하게 대응할 수 있는 역량을 어필하는 것이 중요합니다.",시장동향/트렌드 분석
삼성전자,"외국인 ‘바이 코리아’로 불장…코스피, 사상 첫 3600선 돌파",2025-10-10 18:58:00+09:00,"[앵커] 뉴스에이 시작합니다. 저는 동정민입니다. 긴 추석 연휴가 끝나고 다시 문을 연 국내 증시는 불장이었습니다. 연휴 기간 전 세계 자산이 요동치고 있다는 소식 전해드렸죠. 일주일 전 상승세로 연휴가 시작됐는데, 끝나자 단숨에 3600선을 돌파하며 사상 최고치를 갈아치웠습니다. 외국인이 오늘 코스피 상승세를 이끌었는데, 이 상승세가 정말 우리 증시, 그리고 기업들의 체력이 튼튼해서인지, 일시적인지 따져는 봐야 할 것 같습니다. 첫 소식, 유찬 기자입니다. [기자] 긴 추석 연휴가 끝나고 주식 시장이 열린 첫 날, 직장인 투자자들의 표정이 밝습니다. [하병록 / 서울 영등포구] ""(수익률이) 15%에서 21%까지 나온 것 같습니다. (향후 투자는)AI 반도체 쪽으로 좀 보고 있고요."" 일주일 만에 재개한 주식시장은 그야말로 불장이었습니다. 오늘 코스피는 3610.6 역사상 최고가로 마감했습니다. 추석 전 3500선을 넘었고 연휴가 끝나자마자 단숨에 3600선을 돌파한겁니다. 코스피 상승을 주도한 것은 외국인이었습니다. 부동산 상승세에 기준금리 동결 관측이 커지자 외국인들이 국채를 팔고 주식 매수에 나선 겁니다. 특히 삼성전자와 SK하이닉스 같은 반도체주가 급등했습니다. 추석 연휴 휴장 기간에 누적된 글로벌 반도체 기업들의 상승세가 한 번에 반영됐다는 분석입니다. 증시 상승세가 당분간 이어질 것이란 전망이 나오는 가운데, 단기간 주가폭등에 대한 피로감과 반도체 쏠림 현상으로 인해 조정 가능성도 거론됩니다. [석병훈 / 이화여대 경제학과 교수] ""특정 산업분야에만 매수세가 집중되고 있는 상황이라서 이 상승세가 장기간 지속된다고 장담하기는 어려운 상황이거든요."" 글로벌 투자은행 JP모간은 오늘 ""지배구조 개혁, 주주환원 확대 등이 맞물릴 경우 12개월 안에 코스피 5000 돌파가 가능하다""는 전망을 내놓기도 했습니다. 채널A 뉴스 유 찬입니다. 영상취재: 이승헌 영상편집: 이태희 뉴스에이 시작합니다. 저는 동정민입니다. 긴 추석 연휴가 끝나고 다시 문을 연 국내 증시는 불장이었습니다. 연휴 기간 전 세계 자산이 요동치고 있다는 소식 전해드렸죠. 일주일 전 상승세로 연휴가 시작됐는데, 끝나자 단숨에 3600선을 돌파하며 사상 최고치를 갈아치웠습니다. 외국인이 오늘 코스피 상승세를 이끌었는데, 이 상승세가 정말 우리 증시, 그리고 기업들의 체력이 튼튼해서인지, 일시적인지 따져는 봐야 할 것 같습니다. 첫 소식, 유찬 기자입니다. [기자] 긴 추석 연휴가 끝나고 주식 시장이 열린 첫 날, 직장인 투자자들의 표정이 밝습니다. [하병록 / 서울 영등포구] ""(수익률이) 15%에서 21%까지 나온 것 같습니다. (향후 투자는)AI 반도체 쪽으로 좀 보고 있고요."" 일주일 만에 재개한 주식시장은 그야말로 불장이었습니다. 오늘 코스피는 3610.6 역사상 최고가로 마감했습니다. 추석 전 3500선을 넘었고 연휴가 끝나자마자 단숨에 3600선을 돌파한겁니다. 코스피 상승을 주도한 것은 외국인이었습니다. 부동산 상승세에 기준금리 동결 관측이 커지자 외국인들이 국채를 팔고 주식 매수에 나선 겁니다. 특히 삼성전자와 SK하이닉스 같은 반도체주가 급등했습니다. 추석 연휴 휴장 기간에 누적된 글로벌 반도체 기업들의 상승세가 한 번에 반영됐다는 분석입니다. 증시 상승세가 당분간 이어질 것이란 전망이 나오는 가운데, 단기간 주가폭등에 대한 피로감과 반도체 쏠림 현상으로 인해 조정 가능성도 거론됩니다. [석병훈 / 이화여대 경제학과 교수] ""특정 산업분야에만 매수세가 집중되고 있는 상황이라서 이 상승세가 장기간 지속된다고 장담하기는 어려운 상황이거든요."" 글로벌 투자은행 JP모간은 오늘 ""지배구조 개혁, 주주환원 확대 등이 맞물릴 경우 12개월 안에 코스피 5000 돌파가 가능하다""는 전망을 내놓기도 했습니다. 채널A 뉴스 유 찬입니다. 영상취재: 이승헌 영상편집: 이태희 Copyright Ⓒ 채널A. All rights reserved. 무단 전재, 재배포 및 AI학습 이용 금지",ichannela.com,https://www.ichannela.com/news/main/news_detailPage.do?publishId=000000495547,정상 (1차),-1,"국내 증시의 역사적 상승세는 AI 반도체 산업의 강력한 성장 동력을 보여주며, 이 분야의 취업 기회 확대를 시사합니다. 그러나 반도체 쏠림 현상과 시장 조정 가능성이라는 위기 요인도 존재하므로, 지원자는 특정 산업의 성장세뿐만 아니라 경제 전반의 동향과 리스크 관리 능력을 갖춘 인재가 중요함을 이해해야 합니다.",시장동향/트렌드 분석
삼성전자,성큼 다가선 '10만 전자'…이재용 주식 재산 '20조' 넘겼다,2025-10-10 18:47:13+09:00,"이재용 삼성전자(005930) 회장의 주식 재산이 인공지능(AI) 반도체 호황에 힘입어 처음으로 20조 원을 돌파한 것으로 나타났다. 이 회장이 보유한 주식이 20조 원을 넘어선 건 이건희 선대회장으로부터 주식을 물려받은 이후 처음이다. 기업분석전문 한국CXO연구소가 10일 발표한 이 회장의 주식 평가액 변동 현황 조사에 따르면 이날 종가 기준으로 이 회장의 주식 평가액은 20조 7178억 원을 기록했다. 이 회장은 삼성전자, 삼성물산(028260), 삼성생명(032830), 삼성SDS, 삼성E&A, 삼성화재, 삼성전자 우선주 등 7개 주식 종목을 보유하고 있다. 이들 종목의 가치는 올해 1월 2일 11조 9099억 원으로 시작해 새 정부가 들어선 지난 6월 4일 14조 2852억 원까지 올랐고 이날 20조 원을 넘겼다. 이 선대회장의 재산 상속안이 확정 발표된 2021년 4월 30일 당시 이 회장의 주식 가치는 15조 6167억 원 수준이었다. 이 회장의 주식 재산 증가에는 특히 삼성전자의 주식 가치 상승에 큰 영향을 미친 것으로 분석된다. 이날 이 회장이 보유한 삼성전자 주식 평가액은 9조 1959억 원으로, 지난 6월 4일(5조 6305억 원)보다 3조 5654억 원(63.3%) 증가했다. 삼성물산 주식 가치는 같은 기간 5조 3462억 원에서 6조 8607억 원으로 28.3% 상승했고, 삼성생명 역시 2조 2716억 원에서 3조 3407억 원으로 47.1% 올랐다. 이 회장의 주식 재산이 가파르게 오르면서 이 선대회장의 최고 주식 평가액(22조 1542억 원)을 넘어설 수 있을지도 관심사다. 이는 2020년 12월 9일 기록으로, 우리나라 개인 기준 역대 최고 주식 평가액이다. 오일선 한국CXO연구소장은 ""이재명 대통령이 취임한 이후 달라진 국내 주가 상승 분위기와 함께 샘 올트먼 오픈AI 최고경영자(CEO) 방문, 젠슨 황 엔비디아 CEO의 AI 낙관론 발언 등이 주식 가치 상승에 복합적 요인으로 작용했다""고 말했다. 이어 ""이 회장이 선대회장의 주식 가치를 뛰어넘는 승어부(勝於父)의 분기점을 맞이하려면 삼성전자 보통주 1주당 주가가 11만∼12만원으로 올라야 가능성이 있다""고 덧붙였다. < 저작권자 ⓒ 서울경제, 무단 전재 및 재배포 금지 >",sedaily.com,https://www.sedaily.com/NewsView/2GZ4I07R5K,정상 (1차),0,"이 기사는 이재용 회장의 주식 재산이 AI 반도체 호황에 힘입어 크게 증가했음을 보여주며, AI 및 반도체 분야가 삼성의 핵심 성장 동력임을 명확히 합니다. 이는 기업이 해당 분야의 기술 혁신에 집중적으로 투자하고 있으며, AI 및 반도체 관련 기술 역량과 미래 시장 변화에 대한 통찰력을 갖춘 인재를 높이 평가할 것임을 시사합니다.",시장동향/트렌드 분석
삼성전자,삼성전자 4년9개월 만에 최고치...코스피 3600선 돌파,2025-10-10 18:30:00+09:00,"추석 황금연휴 직후 개장한 코스피가 반도체주 강세에 힘입어 사상 처음으로 3600선을 돌파했다. 삼선전자는 9만4400원에 마감해 4년9개월 만에 최고치를 기록했다. 10일 코스피는 전장보다 61.39포인트(1.73%) 오른 3610.60에 장을 마쳤다. 한때 3617.86까지 올라 장중 역대 최고치를 경신하기도 했다. 투자 주체별로는 유가증권시장에서 외국인이 1조622억원 순매수하며 증시를 끌어 올렸다. 반면 개인과 기관은 각각 5018억원, 5937억원을 순매도 했다. 이같은 외국인의 강한 매수세는 AI(인공지능), 반도체 수요 급증에 기인한 것으로 풀이된다. 실제로 이날 AI, 반도체 관련주인 삼성전자(6.07%)와 SK하이닉스(8.22%)가 나란히 강세를 보였다. 증권가에서는 삼성전자가 '10만 전자'를 넘어 12만원까지 도달할 것이란 긍정적인 전망을 잇따라 내놓고 있다. 최근 한국투자증권은 삼성전자의 실적이 예상치를 웃돈 가운데 반등의 신호가 포착되고 있다며, 목표가를 12만원으로 제시했다. NH투자증권도 삼성전자의 적정주가를 11만5000원으로 상향 조정했다. ※주간조선 온라인 기사입니다. 권아현 기자 다른 기사 보기",chosun.com,http://weekly.chosun.com/news/articleView.html?idxno=45172,정상 (1차),-1,"이 기사는 AI 및 반도체 수요 급증에 힘입어 국내 증시와 주요 반도체 기업들이 사상 최고치를 경신하며 강력한 성장 동력을 확보했음을 보여줍니다. 이는 해당 산업이 현재 호황기에 있으며, 관련 기술 역량을 갖춘 지원자에게는 큰 기회가 열려 있음을 시사합니다. 따라서 지원자는 AI 및 반도체 분야에 대한 깊은 이해와 기여 가능성을 면접에서 효과적으로 어필하는 것이 중요합니다.",시장동향/트렌드 분석
삼성전자,"삼성전자, 장애인 고용 미흡해 5년 간 '1100억' 납부…""장애인 고용 회피 말아야""",2025-10-10 18:14:04+09:00,"삼성전자, 장애인 고용 부담금 1위 5년 간 납부한 금액 1163억 원 2위 현대차, 3위 대한항공 순 삼성전자가 최근 5년 간 장애인 의무고용률을 채우지 못해 납부한 부담금이 1,100억 원에 달하는 것으로 드러났다. 지난해 기준 매출액 300조 원을 넘어선 글로벌 기업이 장애인 고용에 대한 사회적 책임은 회피한다는 지적이 나온다. 10일 국회 환경노동위원회 소속 이용우 더불어민주당 의원이 고용노동부로부터 제출받은 자료에 따르면 삼성전자는 최근 5년(2020~2024년)간 총 1,163억 1,800만 원의 장애인 고용 부다금을 납부했다. 국내 민간기업 중 가장 많은 액수다. 이 회사가 납부한 연도별 장애인 고용 부담금을 살펴보면 △2024년 212억 5,900만 원 △2023년 236억 5,700만 원 △2022년 257억 7,400만 원 △2021년 242억 2,500만 원 △2020년 214억 300만 원이었다. 장애인 고용 부담금 제도는 장애인 의무 고용률을 달성하지 못한 사업주(상시 근로자 100인 이상)에게 미달 인원에 비례해서 부과하는 징벌적 성격의 부담금이다. 상시근로자 50인 이상 민간 기업은 의무적으로 전체 근로자의 3.1%를 장애인으로 고용해야 한다. 해당 기간 삼성전자의 장애인 고용률은 2020년 1.5%에서 2024년 1.95%로 상승, 0.45%포인트(p) 오르는데 그쳤다. 삼성전자는 장애인을 직접 고용하는 대신 '장애인 표준사업장 연계고용 제도'를 활용해 민간기업 중 가장 많은 고용 부담금 감면 혜택을 받았다. 이 제도는 기업이 장애인을 직접 고용하지 않을지라도 장애인 표준사업장과 도급계약을 맺으면 해당 사업장에서 근무하는 장애인을 자신의 고용 실적으로 인정받는 제도다. 장애인 고용률을 높이기 위한 궁여지책으로 도급 계약을 준 기업의 장애인 고용 부담금을 감면해준다. 삼성전자는 이 제도를 통해 지난해 총 22억 4,700만 원의 장애인 고용 부담금을 감면 받았다. 한편 지난해 기준 삼성전자 다음의 장애인 고용 부담금 납부액 순위는 2위 현대자동차(95억 5,600만 원), 3위 대한항공(61억 4,400만 원), 4위 우리은행(47억 2,700만 원), 5위 연세대(43억 8, 600만 원) 순이었다. 이용우 민주당 의원은 ""장애인 고용 의무를 부담금 납부로 회피하는 관행을 바꿔야 한다""며 ""직무 개발 등을 통해 장애인 직접 고용에 힘쓰고 대기업으로서 사회적 책임을 다해야 한다""고 지적했다. 관련 이슈태그 기사 URL이 복사되었습니다. 댓글0",hankookilbo.com,https://www.hankookilbo.com/News/Read/A2025101017490000642?did=NA,정상 (1차),-1,"이 기사는 삼성전자가 장애인 의무고용률 미달로 막대한 부담금을 납부하며 사회적 책임을 다하지 못한다는 비판에 직면했음을 보여줍니다. 이는 기업의 ESG 경영 및 사회적 가치 실현에 대한 압박이 커지고 있음을 시사합니다. 따라서 지원자는 기업의 포용성 및 다양성 증진 노력에 기여할 수 있는 역량을 어필하고, 면접 시 이러한 사회적 책임 이슈에 대한 자신의 관점과 기여 방안을 준비하는 것이 중요합니다.",ESG/지속가능경영
삼성전자,환율 급등에도 韓주식 1조 사들인 외국인…통화스와프에 베팅?,2025-10-10 18:06:45+09:00,"한-미 투자 협상 변수…외국인은 통화스와프 체결 기대감 반영했나韓 주식 저가 매수 기회…반도체株 쓸어담아ⓒ News1 김초희 디자이너코스피지수가 사상 처음 3610선을 돌파한 10일 오후 서울 영등포구 여의도 한국거래소 모니터에 SK하이닉스와 삼성전자 종가가 나타나고 있다. 이날 SK하이닉스는 42800원, 삼성전자는 94400원을 기록, 연중 최고치를 기록했다. 2025.10.10/뉴스1 ⓒ News1 황기선 기자관련 키워드삼성전자삼성전자우환율달러코스피외국인신건웅 기자 추석 연휴, 국장 닫자 미장 달려간 서학개미…1.7조 '폭풍매수'긴 연휴 마친 코스피, 최고가 랠리 이어가나…증권가 '비중 확대' 제시관련 기사'3500 벽'까지 깬 코스피, 또 새역사…외국인 3조 폭풍매수[시황종합]코스피 3520선 '사상 최고'…삼성전자는 '9만전자' 코앞[개장시황]'美 셧다운 우려'에 코스피 흔들…3420선 약보합 마감[시황종합]코스피·코스닥 강보합 출발…""美 셧다운 우려에 상승 제한""[개장시황]""환율 1400원 아래로""…코스피, 3430선 회복[시황종합]",news1.kr,https://www.news1.kr/finance/general-stock/5937268,정상 (1차),-1,"이 기사는 외국인 투자자의 국내 주식 대량 매수와 코스피 사상 최고치 경신을 통해 국내 주식 시장, 특히 반도체 산업의 강력한 성장 모멘텀을 보여줍니다. 이는 관련 산업 지원자들에게 기업의 성장 동력을 이해하고 글로벌 경제 동향과 시장 변화에 대한 통찰력을 갖추는 것이 중요함을 시사합니다. 또한, 대외 불확실성에 대한 이해와 분석 능력이 강점으로 작용할 수 있습니다.",투자유치/재무
삼성전자,“쏠림 줄이고 성장 담았다”…AI 반도체 압축 투자로 수익률 질주 [ETF줌인],2025-10-10 18:00:12+09:00,"생성형 인공지능(AI) 확산과 글로벌 데이터센터 투자 본격화로 반도체 산업 밸류체인(가치사슬) 전반에 온기가 퍼지고 있다. 산업 호황 속 KB자산운용의 ‘RISE AI반도체TOP10’ 상장지수펀드(ETF)가 상장 한 달 만에 국내 주식형 ETF 수익률 1위에 오르며 시장의 관심을 끌고 있다. 10일 금융정보 업체 에프앤가이드에 따르면 2일 종가 기준 RISE AI반도체TOP10 ETF의 최근 1개월 수익률은 30.13%로 같은 기간 국내 주식형(패시브) ETF 263개 가운데 가장 높은 성과를 기록했다. 최근 주가 강세에는 글로벌 AI 투자 확대가 결정적 요인으로 작용했다. 미국을 비롯한 글로벌 하이퍼스케일러(대형 클라우드 기업)들이 데이터센터 설비 투자를 내년에 30% 이상 늘릴 것으로 전망되면서 관련 수요가 급증한 것이다. 특히 SK하이닉스(000660)가 차세대 고대역폭메모리(HBM4) 개발 완료와 양산 준비를 공식화하며 메모리 업사이클 기대를 키웠다. 정부 역시 ‘국가 AI 전략위원회’를 출범시키며 정책 컨트롤타워를 격상하는 등 제도적 지원을 강화하고 있다. 올 8월 말 상장한 해당 ETF는 국내 AI 반도체 산업의 성장축을 대표하는 10개 종목으로 구성됐다. 단순히 대형주 위주로 편입된 기존 ETF와 달리 성장성과 정책 정합성이 높은 중소형주까지 포함해 ‘집중과 분산’을 동시에 구현했다. 상·하위 종목별 비중 상한을 설정해 특정 종목 쏠림을 줄였고 분기마다 지수 변경에 맞춰 포트폴리오를 점검한다. 총보수는 0.20%로 동종 상품 대비 절반 수준이다. 노후자산 관리나 연금계좌 편입 등 장기 투자에 유리한 구조다. 2일 기준 주요 편입 종목은 △삼성전자(005930)(14.55%) △원익IPS(240810)(13.90%) △테크윙(089030)(13.49%) △SK하이닉스(13.26%) △파두(440110)(10.01%) △ISC(9.03%) 등이다. 기존 반도체 ETF 다수가 삼성전자와 SK하이닉스 두 종목 비중이 50%에 육박해 실질적인 분산 효과가 떨어졌던 점과 달리 RISE AI반도체TOP10 ETF는 상위 종목 비중을 낮추고 성장 탄력이 큰 중소형 종목을 고르게 담았다. 노아름 KB자산운용 ETF사업본부장은 “RISE AI반도체TOP10 ETF는 단 10종목으로 국내 AI 반도체 밸류체인의 핵심 축을 압축적으로 담아낸 상품”이라며 “메모리와 전·후공정 장비가 동시에 성장 축을 이루는 현재 산업 구조를 지수로 구조화했다”고 설명했다. < 저작권자 ⓒ 서울경제, 무단 전재 및 재배포 금지 >",sedaily.com,https://www.sedaily.com/NewsView/2GZ4I7N5GS,정상 (1차),-1,"이 기사는 생성형 AI 확산과 데이터센터 투자 증가로 AI 반도체 산업이 폭발적으로 성장하고 있음을 보여주며, 이는 관련 분야 취업을 희망하는 지원자에게 강력한 성장 동력을 의미합니다. 기업들은 이러한 호황 속에서 AI 및 반도체 기술에 대한 깊은 이해와 혁신에 기여할 수 있는 인재를 필요로 할 것입니다. 따라서 지원자는 AI 반도체 밸류체인 전반에 대한 관심을 표명하고 관련 역량을 어필하는 것이 중요합니다.",시장동향/트렌드 분석
삼성전자,"""연말까지 칩 랠리""…외인, 환율 아랑곳 않고 5조 넘게 쓸어담아",2025-10-10 17:59:47+09:00,"""연말까지 칩 랠리""…외인, 환율 아랑곳 않고 5조 넘게 쓸어담아 - 기사 스크랩 - 공유 - 댓글 - 클린뷰 - 프린트 연휴 끝나자마자…'반도체 투톱' 52주 최고가 하이닉스 시총 300조 돌파 거래대금 32%, 반도체 투톱 집중 연휴기간 AI 호재 뉴스 쏟아지며 원익홀딩스·대덕전자·심텍 등 반도체 소부장주까지 동반 상승 ""차익실현 말고 분할매수 할 때"" 주도주였던 방산·조선주는 약세 하이닉스 시총 300조 돌파 거래대금 32%, 반도체 투톱 집중 연휴기간 AI 호재 뉴스 쏟아지며 원익홀딩스·대덕전자·심텍 등 반도체 소부장주까지 동반 상승 ""차익실현 말고 분할매수 할 때"" 주도주였던 방산·조선주는 약세 국내 반도체기업 주가가 거침없이 뛰고 있다. SK하이닉스는 지난 2거래일간 18.9%, 삼성전자는 9.7% 급등했다. 하지만 전문가들은 “아직 차익 실현할 때가 아니다”고 입을 모았다. 오히려 조정이 올 때마다 분할매수하는 전략을 취해야 한다고 조언했다. 연휴 내내 인공지능(AI) 관련 뉴스가 쏟아지며 반도체주를 자극했다는 분석이 나온다. 미국 AMD는 지난 6일 오픈AI와 6기가와트(GW) 규모의 AI 칩을 공급하는 계약을 맺었다고 밝혔다. 엔비디아가 아랍에미리트(UAE)에 수십억달러어치 AI 칩을 수출할 수 있도록 도널드 트럼프 미국 행정부가 승인했다는 소식도 호재로 작용했다. 이경민 대신증권 연구원은 “특히 AMD에 고대역폭메모리(HBM)를 공급하는 삼성전자가 최대 수혜주로 부각됐다”고 말했다. 다만 이날 상승 종목(유가증권시장 277개)보다 하락 종목(624개)이 더 많았다. 반도체주에만 매수세가 집중돼서다. 이스라엘과 하마스 간 휴전 소식에 한화에어로스페이스(-5.01%), LIG넥스원(-4.95%) 등 방위산업주가 일제히 약세를 보였다. HD현대중공업(-2.46%), 한화오션(-1.97%) 등 조선주도 내렸다. 외국인은 이달 들어 3거래일 간 유가증권시장에서만 5조3674억원어치 쓸어담았다. 투자은행(IB) 골드만삭스는 최근 불거진 ‘AI 거품론’에 대해 “아직은 아니다”고 선을 그었다. 대형 기술주 ‘매그니피센트7’(M7)의 24개월 선행 주가수익비율(PER)이 현재 27배로, 1990년대 후반 ‘닷컴 버블’ 당시 주도주들의 절반 수준에 그친다는 점에서다. 기술주 거품 측정 단계인 ‘기술 혁신-주가 상승-과열-붕괴’ 가운데 2단계에 있다고 봤다. HBM뿐 아니라 메모리 반도체 가격이 뛰는 점도 호재다. 안정환 인터레이스자산운용 대표는 “단기 조정은 있을 수 있지만 결국 다시 오를 것”이라며 “2~3%씩 조정이 나올 때마다 분할 매수하는 전략을 활용하라”고 추천했다. 김태홍 그로쓰힐자산운용 대표는 “상승 기간이 짧은 반도체 소부장(소재·부품·장비) 관련주와 범용 반도체 비중이 높은 삼성전자를 눈여겨보라”고 조언했다. 반도체주를 앞세운 코스피지수 역시 추가 상승할 것이란 전망이 지배적이다. 모건스탠리는 최근 코스피지수의 12개월 후 목표치를 4000(12개월 선행 PER 13.4배)으로 상향했다. 다만 치솟는 원·달러 환율은 부담이다. 교착 상태에 놓인 미국과의 관세 협상이 길어지며 원화 약세 현상이 짙어지면 외국인 순매수세가 약해질 수 있다는 지적이 나온다. 심성미/조아라/선한결 기자 smshim@hankyung.com ◇반도체가 나홀로 이끄는 증시 10일 국내 증시는 ‘반도체 투톱’의 독무대였다. 개장 1시간 만에 삼성전자와 SK하이닉스 두 종목의 거래 대금이 4조원에 육박했다. 유가증권시장 전체 거래대금(19조1510억원)의 32.4%(6조2230억원)를 단 두 종목이 차지했다. 삼성전자는 6.07% 급등하며 52주 신고가를 경신했다. SK하이닉스도 8.22% 오르며 이날 처음 시가총액 300조원을 넘어섰다.연휴 내내 인공지능(AI) 관련 뉴스가 쏟아지며 반도체주를 자극했다는 분석이 나온다. 미국 AMD는 지난 6일 오픈AI와 6기가와트(GW) 규모의 AI 칩을 공급하는 계약을 맺었다고 밝혔다. 엔비디아가 아랍에미리트(UAE)에 수십억달러어치 AI 칩을 수출할 수 있도록 도널드 트럼프 미국 행정부가 승인했다는 소식도 호재로 작용했다. 이경민 대신증권 연구원은 “특히 AMD에 고대역폭메모리(HBM)를 공급하는 삼성전자가 최대 수혜주로 부각됐다”고 말했다. 다만 이날 상승 종목(유가증권시장 277개)보다 하락 종목(624개)이 더 많았다. 반도체주에만 매수세가 집중돼서다. 이스라엘과 하마스 간 휴전 소식에 한화에어로스페이스(-5.01%), LIG넥스원(-4.95%) 등 방위산업주가 일제히 약세를 보였다. HD현대중공업(-2.46%), 한화오션(-1.97%) 등 조선주도 내렸다. 외국인은 이달 들어 3거래일 간 유가증권시장에서만 5조3674억원어치 쓸어담았다. ◇투자은행들은 “AI 거품 없다” 짧은 기간 반도체주가 급등하자 투자자 사이에서 고민이 커지는 모양새다. 차익 실현과 신규 진입 시점을 놓고서다. 이와 관련해 반도체 주가 향방이 달린 ‘AI 랠리’가 당분간 지속될 가능성이 높다는 것이 전문가 중론이다.투자은행(IB) 골드만삭스는 최근 불거진 ‘AI 거품론’에 대해 “아직은 아니다”고 선을 그었다. 대형 기술주 ‘매그니피센트7’(M7)의 24개월 선행 주가수익비율(PER)이 현재 27배로, 1990년대 후반 ‘닷컴 버블’ 당시 주도주들의 절반 수준에 그친다는 점에서다. 기술주 거품 측정 단계인 ‘기술 혁신-주가 상승-과열-붕괴’ 가운데 2단계에 있다고 봤다. HBM뿐 아니라 메모리 반도체 가격이 뛰는 점도 호재다. 안정환 인터레이스자산운용 대표는 “단기 조정은 있을 수 있지만 결국 다시 오를 것”이라며 “2~3%씩 조정이 나올 때마다 분할 매수하는 전략을 활용하라”고 추천했다. 김태홍 그로쓰힐자산운용 대표는 “상승 기간이 짧은 반도체 소부장(소재·부품·장비) 관련주와 범용 반도체 비중이 높은 삼성전자를 눈여겨보라”고 조언했다. 반도체주를 앞세운 코스피지수 역시 추가 상승할 것이란 전망이 지배적이다. 모건스탠리는 최근 코스피지수의 12개월 후 목표치를 4000(12개월 선행 PER 13.4배)으로 상향했다. 다만 치솟는 원·달러 환율은 부담이다. 교착 상태에 놓인 미국과의 관세 협상이 길어지며 원화 약세 현상이 짙어지면 외국인 순매수세가 약해질 수 있다는 지적이 나온다. 심성미/조아라/선한결 기자 smshim@hankyung.com ADVERTISEMENT ADVERTISEMENT",hankyung.com,https://www.hankyung.com/article/2025101016791,정상 (1차),-1,"이 기사는 AI 기술 발전이 반도체 산업의 폭발적인 성장 동력임을 보여주며, 관련 분야에서 미래 인재에게 많은 기회를 제공할 것임을 시사합니다. 동시에 급변하는 시장 상황과 환율 등 잠재적 위협 요인도 내포하고 있어, 기업들은 기술 전문성뿐만 아니라 시장 트렌드에 대한 이해와 글로벌 역량을 갖춘 인재를 선호할 것입니다.",시장동향/트렌드 분석
삼성전자,성장·안전성 동시에…A·A·S로 여윳돈 불려볼까 [S머니+],2025-10-10 17:55:30+09:00,"용돈 주머니가 두둑해지는 추석 명절이 끝났다. 역대급으로 긴 연휴였던 만큼 모처럼 생긴 여윳돈을 목돈으로 만들려는 이들의 투자 의지도 높다. 금융투자 업계에서는 ‘안정성’과 ‘성장성’이라는 두 마리 토끼를 모두 잡을 수 있는 ‘상장지수펀드(ETF)’ 상품에 관심을 가져볼 필요가 있다고 조언했다. ETF는 증시에서 주식처럼 편하게 사고팔 수 있으면서도 개별 종목 주가가 아닌 주가지수를 따르기 때문에 주식보다 안전성 면에서 더 유리해서다. 대형 자산운용사 3곳(미래에셋·삼성·한국투자)은 투자해볼 만한 ETF 키워드로 ‘인공지능(AI), 미국(America), 반도체(Semiconductor)’를 꼽았다. 10일 금융투자 업계에 따르면 운용사들은 미국 대표 지수인 스탠더드앤드푸어스(S&P)500지수를 추종하는 ETF를 목돈 마련에 적합한 상품으로 추천했다. 도널드 트럼프 행정부의 관세정책 불확실성 등 각종 악재에도 두 자릿수 상승률을 유지해 장기간 운용하며 목돈을 만들기 용이하다는 평가다. 코스콤 ETF 체크에 따르면 올해 들어 미국 S&P500지수는 15%가량 뛰었다. 덕분에 관련 지수를 추종하는 ETF 상품의 수익률도 견조한 흐름을 보이고 있다. 운용사 3곳은 타이거(TIGER·미래), 코덱스(KODEX·삼성), 에이스(ACE·한투) 미국 S&P500 ETF 상품을 운용하고 있다. 브랜드만 다를 뿐 동일한 미국 지수를 추종하는, 사실상 같은 성격의 상품이기 때문에 선호하는 운용사 상품에 투자하면 된다. 올 들어 이달 2일까지 ‘TIGER 미국 S&P500 ETF’와 ‘KODEX 미국 S&P500 ETF’의 수익률은 각각 21.4%, 21.49%다. 한투운용은 나스닥100지수를 추종하는 상품 ‘ACE 미국 나스닥100 ETF’를 추천했다. 최근 3개월간 ACE 미국 나스닥100 ETF의 수익률은 11.71%다. 미국 빅테크 기업이나 AI 관련 ETF 역시 장기 투자 상품으로 거론됐다. UBS에 따르면 AI 관련 산업 매출은 2027년까지 4200억 달러(약 550조 원)로 커질 것으로 전망된다. AI 산업을 주도하는 미국 빅테크 기업들이 인프라 투자를 늘리고 있다는 점에서 장·단기 성장성이 높아 투자해볼 만하다는 분석이다. 남용수 한투운용 ETF운용본부장은 “AI 시대가 도래하면 혁신 기술을 주도하고 장기 성장이 가능한 미국 테크 기업의 중요성은 커질 수밖에 없다는 점에서 소액으로도 시드머니를 키울 수 있는 기회가 될 것”이라고 설명했다. ‘ACE 미국빅테크TOP7 Plus ETF’는 나스닥에 상장된 빅테크 기업 중 시가총액 상위 10개 기업으로 구성된 지수를 추종하며 최근 3개월간 수익률은 18.12%로 집계됐다. AI 휴머노이드(인간형 로봇) 시장 규모가 커지고 있다는 점에서 미국 로봇 관련 기업에 투자하는 ETF 또한 검토해볼 만하다. ‘KODEX 미국휴머노이드로봇 ETF’는 테슬라·엔비디아·팰런티어 등 AI 기술력을 갖춘 휴머노이드 로봇 관련 대형주에 투자한다. 최근 3개월간 수익률은 21.14%다. 김도형 삼성운용 ETF컨설팅본부장은 “휴머노이드 사업은 ‘AI 산업의 종착지’라는 평가를 받을 정도로 성장성이 높은 분야라는 점에서 주목할 필요가 있다”고 했다. 최근 AI 데이터센터 확충에 따른 메모리반도체 수요 급증으로 반도체 ‘슈퍼사이클’이 가시화하면서 국내외 반도체 기업을 추종하는 ETF도 염두에 둬야 한다고 운용사들은 입을 모았다. ‘ACE 글로벌 반도체 TOP4 Plus ETF’는 반도체의 네 가지 분야(메모리·비메모리·파운드리·장비) 중 분야별로 성장성이 높다고 평가받는 기업에 각각 20%씩 투자하는 방식으로 운용된다. 반도체 산업 훈풍과 맞물려 3개월간 수익률은 27.39%를 기록했다. ‘TIGER 반도체 TOP10 ETF’는 코스피 시가총액 1위, 2위 기업인 삼성전자와 SK하이닉스를 포함한 국내 대표 반도체 10종목에 투자한다. 삼성전자와 SK하이닉스의 강세 속에 최근 3개월간 31.39%에 달하는 수익률을 보였다. 정의현 미래에셋운용 ETF운용본부장은 “반도체 수요 확대 사이클을 맞아 반도체 기업의 성장성을 기대할 수 있어 목돈을 만들고 싶은 장기 투자자에게 유리할 것”이라고 강조했다. < 저작권자 ⓒ 서울경제, 무단 전재 및 재배포 금지 >",sedaily.com,https://www.sedaily.com/NewsView/2GZ4IXNZUX,정상 (1차),-1,"이 기사는 인공지능(AI), 반도체, 미국 테크 기업 등 혁신 기술 및 글로벌 시장 주도 분야가 강력한 성장 동력임을 보여줍니다. 취업 준비생은 AI 개발, 반도체 기술 등 이 분야의 핵심 역량과 글로벌 시장 이해도를 갖춘 인재를 기업이 필요로 할 것임을 예측하고 관련 전문성을 키워야 합니다.",시장동향/트렌드 분석
SK하이닉스,환율 급등·관세 악재 뚫은 반도체 천하…'10만전자' 눈앞,2025-10-10 17:46:22+09:00,"코스피지수가 추석 연휴 기간 원·달러 환율 급등과 관세라는 악재에 마주쳤어도 반도체 대호황을 발판 삼아 3500 선에 올라선 지 불과 1거래일 만에 3600 돌파라는 기록을 이어갔다. 10일 한국거래소에 따르면 코스피지수는 전 거래일 대비 61.39포인트(1.73%) 오른 3610.60에 거래를 마감했다. 상승세를 이끈 건 단연 반도체 대장주인 삼성전자(005930)와 SK하이닉스(000660)로 미국발 인공지능(AI) 관련 훈풍으로 강한 상승 압력을 받았다. 삼성전자는 AMD에 고대역폭메모리(HBM)를 공급하며 최대 수혜주로 부각됐고 전 거래일 대비 6.07% 오른 9만 4400원으로 종가 기준 역대 최고가를 기록했다. SK하이닉스도 8.22% 뛴 42만 8000원으로 새 역사를 썼으며 시가총액은 311조 5850억 원으로 집계돼 사상 처음으로 300조 원을 넘어섰다. 시장에서는 여전히 우호적인 관측이 제기되고 있다. 이날 글로벌 투자은행(IB) 모건스탠리는 삼성전자의 목표주가를 기존 대비 14% 올린 11만 1000원으로 상향 조정했다. 노무라증권 역시 최근 삼성전자의 목표주가를 12만 3000원으로 올려 잡았다. 한국투자증권은 2일 SK하이닉스의 목표주가를 기존보다 36% 올린 56만 원으로 제시했다. 외국인은 이날 삼성전자 주식 6021억 원어치를 순매수하는 등 최근 3거래일 동안 무려 2조 8507억 원어치를 사들였다. 외국인은 이날 하루 동안에만 국내 증시에서 1조 614억 원을 사들여 이달 들어 3거래일 만에 5조 447억 원어치를 순매수했다. 개인은 코스피 시장에서 5019억 원어치를 팔아치우면서도 SK하이닉스 주식 2423억 원어치를 순매수했다. 반도체 중소형 기업들의 주가도 일제히 상승 마감했다. 한미반도체(042700)(18.89%), 엠케이전자(033160)(13.75%), 피에스케이홀딩스(031980)(11.11%), 원텍(336570)(10.25%) 등 대다수 반도체 기업의 주가가 급등했다. 이진우 메리츠증권 센터장은 “상승 기울기가 완만해질 수는 있겠지만 반도체 주도 장세에 변화가 일어날 것이라고 예측하기 힘든 상황”이라며 “급등 부담을 감안해 조금씩 분할 매수하는 전략을 권고한다”고 밝혔다. 김학균 신영증권 리서치센터장은 “국내 주식시장 자체가 반도체 주도로 바뀌었다”고 강조했다. 모든 업종이 웃은 건 아니다. 특히 관세 부과 직격탄을 맞은 자동차와 철강 업종이 부진했다. 거래소에 따르면 이날 ‘KRX 철강’과 ‘KRX 자동차’ 지수는 전 거래일 대비 각각 1.19%와 1.14% 하락했다. 7일(현지 시간) 유럽연합(EU)이 철강 제품에 대한 무관세 쿼터 축소와 품목관세 인상(25→50%) 계획을 밝히며 투심이 악화했다. < 저작권자 ⓒ 서울경제, 무단 전재 및 재배포 금지 >",sedaily.com,https://www.sedaily.com/NewsView/2GZ4HYL0NG,정상 (1차),-1,"이 기사는 AI 기반 반도체 산업이 현재 한국 경제의 강력한 성장 동력임을 보여주며, 특히 고대역폭메모리(HBM) 분야의 폭발적인 성장을 시사합니다. 따라서 관련 기술 전문성과 시장 변화에 대한 이해를 갖춘 인재가 높은 가치를 가질 것으로 예상됩니다. 반면, 일부 전통 산업은 관세와 같은 대외 변수에 취약하므로, 지원자는 산업별 리스크 요인을 파악하고 변화에 대응하는 역량을 어필하는 것이 중요합니다.",시장동향/트렌드 분석
SK하이닉스,AI發 슈퍼 랠리…버블 논쟁 더 커진다,2025-10-10 17:45:32+09:00,"인공지능(AI) 슈퍼 랠리가 이어지면서 산업에 대한 낙관론과 비관론이 팽팽하게 맞서고 있다. 추석 연휴 기간 미국 기술주의 상승 속에 코스피는 반도체를 등에 업고 3600선마저 돌파하며 무서운 기세를 보였다. 반면 1990년대 후반 닷컴 붕괴와 비교해 AI 거품론을 제기하는 목소리도 커지는 분위기다. 10일 한국거래소에 따르면 코스피는 전 거래일보다 61.39포인트(1.73%) 상승한 3610.60으로 거래를 마쳤다. 장중 3617.86까지 올라 역대 최고 기록을 다시 한번 갈아치웠다. 원·달러 환율이 1420원대로 급등했으나 외국인이 약 1조 3000억 원어치를 순매수하면서 반도체 중심으로 투자를 이어갔다. 이에 삼성전자(005930)와 SK하이닉스(000660)가 각각 6.07% 오른 9만 4400원, 8.22% 상승한 42만 8000원으로 사상 최고가를 달성했다. 최근 AI 투자를 두고 거품론과 낙관론이 맞서는 가운데 시장에서는 호재부터 반영하는 모습이다. 오픈AI와 AMD의 협력 소식, 젠슨 황 엔비디아 최고경영자(CEO)의 AI 컴퓨팅 수요 확대 발언 등으로 연휴 기간 필라델피아반도체지수는 5.2%나 뛰었다. 골드만삭스 등 일부 투자은행(IB)이 “단순 기대감만으로 주가가 오르는 것이 아니라 실적 개선이 동반된다는 점에서 거품으로 볼 수 없다”고 하자 견조한 투자심리가 이어졌다. 반면 AI 투자가 2000년대 초반 ‘닷컴 버블’처럼 과잉투자로 흐르고 있다는 거품론을 제기하는 목소리도 만만치 않다. 최대 100조 원이 넘는 투자 소식이 잇따르고 있지만 정작 산업 현장에서는 AI가 아직도 검증 단계일 뿐이라는 회의론이 거세다. 수요가 뒷받침되지 않은 상태에서 대규모 투자만 쏟아낼 경우 오히려 재정 건전성을 악화시킬 수 있다는 것이다. 크리스탈리나 게오르기에바 국제통화기금(IMF) 총재는 AI 거품 붕괴로 인한 세계경제 타격을 우려했고 ‘월가 황제’로 불리는 미국 최대 은행 JP모건체이스의 제이미 다이먼 CEO는 “AI에 투자되는 자금 일부는 아마도 손실을 볼 것”이라며 미국 증시의 급격한 조정 위험을 경고했다. 안소은 KB증권 연구원은 “주요 기업들의 경쟁적인 AI 투자 확대가 성장주 실적 확대로 이어질 것이라는 기대감이 큰 상황”이라고 분석했다. < 저작권자 ⓒ 서울경제, 무단 전재 및 재배포 금지 >",sedaily.com,https://www.sedaily.com/NewsView/2GZ4HO2ACD,정상 (1차),-1,이 기사는 AI 산업에 대한 대규모 투자가 반도체 시장을 중심으로 전례 없는 성장을 이끌며 관련 기술 및 서비스 분야의 인재 수요를 촉진하고 있음을 보여줍니다. 동시에 닷컴 버블과 유사한 'AI 거품론'이 제기되며 과도한 투자의 위험성과 실제 수요 기반의 실질적인 AI 솔루션 개발의 중요성을 강조하고 있습니다. 따라서 지원자는 AI의 잠재력과 함께 지속 가능한 가치 창출을 위한 현실적인 접근 방식을 이해하고 있음을 어필해야 합니다.,시장동향/트렌드 분석
SK하이닉스,"반도체·전력망 등 수혜섹터 확대…""닷컴 때와는 다른 좋은 거품""",2025-10-10 17:45:04+09:00,"인공지능(AI) 거품에 대한 경고가 계속되는 상황에서도 국내외 증시가 역대급 랠리를 이어가는 것은 AI 낙관론이 아직 우세하다는 방증으로 풀이된다. 2000년대 초반 ‘닷컴 버블’처럼 유동성과 기대감만으로 움직이는 시장이 아니라 체감되는 기술 변화와 가시적인 수익성에 기반을 두고 있는 만큼 주가 수준만으로 거품 여부를 판단할 수 없다는 시각도 강하다. 10일 금융투자 업계에 따르면 골드만삭스는 8일 ‘아직은 거품이 아니다(Why we are not in a bubble…yet)’라는 보고서를 통해 ‘매그니피센트(M)7’의 24개월 선행 주가수익비율(PER)이 27배로 ‘닷컴 버블’ 당시 상위 7개사 대비 절반 수준이기 때문에 거품이 아니라고 진단했다. 기술 거품을 ‘혁신→상승→과열→붕괴→회복’ 등 5단계로 구분했을 때 현재는 상승 국면에서 일부 과열 징후를 보이는 단계라는 설명이다. 골드만삭스를 비롯해 시장에서 AI 투자 열풍을 2000년대 ‘닷컴 버블’ 때와 다르다고 보는 첫 번째 이유는 투자 주체다. 닷컴 버블 당시에는 수익성이 없는 스타트업이 난립해 적절한 밸류에이션 측정 없이 주가가 급등했다. 비즈니스 모델이 없는데 막대한 투자금을 받아 TV 광고에 쓰다가 나스닥 상장 10개월 만에 파산한 ‘펫츠닷컴’이 대표 사례다. 반면 AI 투자를 주도하는 구글·마이크로소프트·메타·엔비디아 등 빅테크는 현금 보유량이 사상 최대인 데다 부채 비율도 낮다. 내부 현금 흐름을 바탕으로 설비투자(CAPEX)를 확대하는 만큼 막대한 자본 지출을 충분히 감당할 수 있다는 평가다. AI 기술 장벽이 높아 스타트업이 우후죽순 등장할 가능성도 제한적이다. 젠슨 황 엔비디아 최고경영자(CEO)도 AI 거품론을 반박하면서 “대규모 데이터센터 운영 기업들은 펫츠닷컴 같은 닷컴 버블 당시 신생 기업과 비교할 수 없을 정도로 재무적으로 훨씬 더 건전하고 자본력이 있다”고 했다. 그는 지난 6개월 동안 컴퓨팅 수요가 급격히 증가했다며 낙관론에 불을 지폈다. 최근 주가 상승분을 설명할 만큼 실적도 크게 개선되고 있다. 한국투자증권은 삼성전자의 목표주가를 12만 원으로 제시하면서 내년 연간 영업이익 추정치를 73조 원으로 올해(34조 3000억 원) 대비 두 배 이상 늘어날 것으로 예상했다. SK하이닉스의 내년 연간 영업이익 추정치도 54조 원에서 70조 원으로 대폭 상향 조정했다. 두 번째는 AI 도입 속도와 생산성 향상 기대감이다. 경제협력개발기구(OECD)는 AI가 모바일폰만큼 빠른 속도로 확산할 것으로 예상했다. 전기와 인터넷·개인용컴퓨터가 각각 도입 10년 만에 채택률 23%, 40%에 도달한 반면 모바일폰은 60%로 역사상 가장 빠르게 보급됐다. 이미 미국과 유럽연합(EU)에서 AI 채택률이 전년 대비 50% 이상 증가했고 인간 언어를 기반으로 하는 생성형 AI 특성을 고려하면 확산 속도는 더욱 빨라질 가능성이 크다. OECD는 향후 10년 동안 AI가 주요 7개국(G7)의 노동생산성을 연간 0.2%~1.3%포인트 높일 것으로 추정했다. AI는 이미 투자만으로 실물경제 성장을 이끄는 수준이다. 올해 2분기 미국 국내총생산(GDP)에서 AI 투자 항목으로 볼 수 있는 정보처리장비·소프트웨어 투자의 성장률 기여도는 1.0%포인트로 개인소비지출(PCE) 0.6%포인트를 앞질렀다. 메리 데일리 미국 샌프란시스코 연방준비은행 총재는 “경제학적으로 AI는 생산적인 결과물을 남기기 때문에 ‘좋은 거품(good bubble)’으로 볼 수 있다”며 “금융 안정성에 위협이 되지 않을 것”이라고 말했다. AI 인프라 투자가 아직 시작 단계라는 점도 거품을 단정하기 이르다고 보는 근거로 꼽힌다. 미국 투자은행(IB) 캔터피츠제럴드는 현재 수조 달러 규모의 AI 인프라를 구축하는 초기 단계라며 엔비디아 목표 주가를 240달러에서 300달러로 상향 조정했다. 엔비디아 주가는 1주당 192.57달러로 이미 사상 최고치다. 순다르 피차이 구글 CEO는 “과잉 투자보다 과소 투자가 더 위험하다”며 막대한 투자를 감내하겠다는 의지를 내비쳤다. 샘 올트먼 오픈AI CEO 역시 수개월 내 추가적인 AI 인프라 파트너십을 체결할 계획이라고 밝혔다. AI 인프라가 데이터센터에서 전력망·보안 등으로 점차 확장하는 만큼 수혜 섹터도 늘어날 것으로 전망된다. 신한투자증권은 AI 모델 고급화로 전체 컴퓨팅 비용이 가파르게 증가할 것으로 예측하면서 AI 투자 사이클이 2027년까지 이어질 것으로 내다봤다. 마지막으로 미국 연방준비제도(Fed·연준)의 정책금리 인하 등 거시경제 환경도 주가 상승 흐름을 뒷받침하고 있다. 위험자산과 안전자산이 동반 상승하는 ‘에브리싱 랠리(everything rally)’는 통상 제로금리 시기에 관찰되는 현상이지만 이번에는 금리를 내리기 전부터 나타났다. 금리 인하 사이클로 본격 진입하면 주가 상승 흐름이 중장기적으로 이어질 수 있다. 피터 오펜하이머 골드만삭스 수석 글로벌 주식 전략가는 “기술주 밸류에이션이 높은 건 저금리, 전 세계의 높은 저축률, 긴 경제 사이클로 모든 위험자산의 가치가 상승한 결과”라며 “성장에 대한 신뢰가 약해지면 조정을 받을 수는 있지만 기술 섹터만 거품이 붕괴할 가능성은 낮다”고 평가했다. < 저작권자 ⓒ 서울경제, 무단 전재 및 재배포 금지 >",sedaily.com,https://www.sedaily.com/NewsView/2GZ4I92Y0W,정상 (1차),-1,"이 기사는 AI 산업이 단순한 거품이 아닌, 견고한 기업 기반과 가시적인 성과에 기반한 강력한 성장 동력임을 시사합니다. 따라서 취업 준비생은 AI 기술 도입 가속화와 대규모 인프라 투자 확대로 인해 관련 분야에서 지속적인 인재 수요 증가를 예상할 수 있습니다. 특히 기술 혁신, 생산성 향상, 그리고 비즈니스 모델 구축에 기여할 수 있는 역량을 갖춘 인재가 중요하게 평가될 것입니다.",시장동향/트렌드 분석
SK하이닉스,'10만전자' 노래 부르더니…코스피 3600 뚫고 '하이킥',2025-10-10 17:42:04+09:00,"'10만전자' 노래 부르더니…코스피 3600 뚫고 '하이킥' - 기사 스크랩 - 공유 - 댓글 - 클린뷰 - 프린트 반도체 '불장'…코스피 3600 뚫었다 1.7% 올라 3610.6…또 사상 최고치 삼성전자 6% 뛰며 '10만전자' 눈앞…SK하이닉스 8% 급등 환율은 연휴 뒤 1420원대까지 치솟아 5개월여 만에 '최고' 1.7% 올라 3610.6…또 사상 최고치 삼성전자 6% 뛰며 '10만전자' 눈앞…SK하이닉스 8% 급등 환율은 연휴 뒤 1420원대까지 치솟아 5개월여 만에 '최고' 코스피지수가 3500을 넘긴 지 1거래일 만에 사상 처음으로 3600을 돌파했다. 연휴 기간 이어진 글로벌 증시 상승세를 반영하는 ‘캐치업 랠리’를 펼쳤다. 전문가들은 슈퍼 사이클에 올라탄 반도체 업종을 등에 업은 코스피지수가 연말까지 무난한 상승세를 이어갈 것으로 전망했다. 10일 코스피지수는 1.73% 오른 3610.60에 거래를 마쳤다. 직전 거래일인 지난 2일 3500을 넘어선 지 1거래일 만에 새 역사를 썼다. 코스닥지수는 0.61% 상승한 859.49에 거래를 마감했다. 원·달러 환율 급등에도 아랑곳하지 않고 외국인 투자자가 국내 증시에서 1조원 넘게 순매수했다. 이날 서울외환시장에서 원·달러 환율은 전 거래일 대비 21원 오른 1421원에 주간 거래를 마쳤다. 지난 4월 29일 이후 5개월여 만의 최고치다. 하지만 외국인은 유가증권시장에서 1조624억원, 코스닥시장에서 2386억원 등 1조3000억원어치를 쓸어 담았다. 일각에서 불거진 ‘인공지능(AI) 거품론’을 비웃듯 외국인 매수세는 반도체 업종에 집중됐다. SK하이닉스는 8.22% 급등한 42만8000원에 거래를 마쳤다. 삼성전자도 6.07% 뛴 9만4400원에 마감했다. 대덕전자(15.31%) 이오테크닉스(7.98%) 등 반도체 소부장(소재·부품·장비) 종목도 강세였다. 미국의 감세안과 기준금리 인하, 일본의 다카이치 사나에 총리가 계승할 아베노믹스 정책 등으로 달러, 엔 등 주요 통화에 대한 믿음이 흔들리자 글로벌 유동성이 주식, 암호화폐, 금 등 비(非)화폐 자산으로 몰리고 있다는 분석이 나온다. 글로벌 투자 자금은 반도체주를 주목하고 있다. ‘AI 랠리’의 선두에 있는 고대역폭메모리(HBM)뿐 아니라 범용 메모리 반도체까지 슈퍼 사이클에 올라타면서다. 반도체를 앞세운 한국 증시 강세장이 연말까지 이어질 것이라는 게 전문가들의 전망이다. 김태홍 그로쓰힐자산운용 대표는 “반도체 업황은 향후 최소 6개월간 강한 반등세를 보일 것”이라며 “단기 조정이 올 때마다 분할 매수할 만하다”고 조언했다.""연말까지 칩 랠리""…외인, 환율 아랑곳 않고 5조 넘게 쓸어담아 국내 반도체기업 주가가 거침없이 뛰고 있다. SK하이닉스는 지난 2거래일간 18.9%, 삼성전자는 9.7% 급등했다. 하지만 전문가들은 “아직 차익 실현할 때가 아니다”고 입을 모았다. 오히려 조정이 올 때마다 분할매수하는 전략을 취해야 한다고 조언했다. 연휴 내내 인공지능(AI) 관련 뉴스가 쏟아지며 반도체주를 자극했다는 분석이 나온다. 미국 AMD는 지난 6일 오픈AI와 6기가와트(GW) 규모의 AI 칩을 공급하는 계약을 맺었다고 밝혔다. 엔비디아가 아랍에미리트(UAE)에 수십억달러어치 AI 칩을 수출할 수 있도록 도널드 트럼프 미국 행정부가 승인했다는 소식도 호재로 작용했다. 이경민 대신증권 연구원은 “특히 AMD에 고대역폭메모리(HBM)를 공급하는 삼성전자가 최대 수혜주로 부각됐다”고 말했다. 다만 이날 상승 종목(유가증권시장 277개)보다 하락 종목(624개)이 더 많았다. 반도체주에만 매수세가 집중돼서다. 이스라엘과 하마스 간 휴전 소식에 한화에어로스페이스(-5.01%), LIG넥스원(-4.95%) 등 방위산업주가 일제히 약세를 보였다. HD현대중공업(-2.46%), 한화오션(-1.97%) 등 조선주도 내렸다. 외국인은 이달 들어 3거래일 간 유가증권시장에서만 5조3674억원어치 쓸어담았다. 투자은행(IB) 골드만삭스는 최근 불거진 ‘AI 거품론’에 대해 “아직은 아니다”고 선을 그었다. 대형 기술주 ‘매그니피센트7’(M7)의 24개월 선행 주가수익비율(PER)이 현재 27배로, 1990년대 후반 ‘닷컴 버블’ 당시 주도주들의 절반 수준에 그친다는 점에서다. 기술주 거품 측정 단계인 ‘기술 혁신-주가 상승-과열-붕괴’ 가운데 2단계에 있다고 봤다. HBM뿐 아니라 메모리 반도체 가격이 뛰는 점도 호재다. 안정환 인터레이스자산운용 대표는 “단기 조정은 있을 수 있지만 결국 다시 오를 것”이라며 “2~3%씩 조정이 나올 때마다 분할 매수하는 전략을 활용하라”고 추천했다. 김태홍 그로쓰힐자산운용 대표는 “상승 기간이 짧은 반도체 소부장(소재·부품·장비) 관련주와 범용 반도체 비중이 높은 삼성전자를 눈여겨보라”고 조언했다. 반도체주를 앞세운 코스피지수 역시 추가 상승할 것이란 전망이 지배적이다. 모건스탠리는 최근 코스피지수의 12개월 후 목표치를 4000(12개월 선행 PER 13.4배)으로 상향했다. 다만 치솟는 원·달러 환율은 부담이다. 교착 상태에 놓인 미국과의 관세 협상이 길어지며 원화 약세 현상이 짙어지면 외국인 순매수세가 약해질 수 있다는 지적이 나온다. 심성미/강진규/조아라/선한결 기자 smshim@hankyung.com 원·달러 환율 급등에도 아랑곳하지 않고 외국인 투자자가 국내 증시에서 1조원 넘게 순매수했다. 이날 서울외환시장에서 원·달러 환율은 전 거래일 대비 21원 오른 1421원에 주간 거래를 마쳤다. 지난 4월 29일 이후 5개월여 만의 최고치다. 하지만 외국인은 유가증권시장에서 1조624억원, 코스닥시장에서 2386억원 등 1조3000억원어치를 쓸어 담았다. 일각에서 불거진 ‘인공지능(AI) 거품론’을 비웃듯 외국인 매수세는 반도체 업종에 집중됐다. SK하이닉스는 8.22% 급등한 42만8000원에 거래를 마쳤다. 삼성전자도 6.07% 뛴 9만4400원에 마감했다. 대덕전자(15.31%) 이오테크닉스(7.98%) 등 반도체 소부장(소재·부품·장비) 종목도 강세였다. 미국의 감세안과 기준금리 인하, 일본의 다카이치 사나에 총리가 계승할 아베노믹스 정책 등으로 달러, 엔 등 주요 통화에 대한 믿음이 흔들리자 글로벌 유동성이 주식, 암호화폐, 금 등 비(非)화폐 자산으로 몰리고 있다는 분석이 나온다. 글로벌 투자 자금은 반도체주를 주목하고 있다. ‘AI 랠리’의 선두에 있는 고대역폭메모리(HBM)뿐 아니라 범용 메모리 반도체까지 슈퍼 사이클에 올라타면서다. 반도체를 앞세운 한국 증시 강세장이 연말까지 이어질 것이라는 게 전문가들의 전망이다. 김태홍 그로쓰힐자산운용 대표는 “반도체 업황은 향후 최소 6개월간 강한 반등세를 보일 것”이라며 “단기 조정이 올 때마다 분할 매수할 만하다”고 조언했다. ""연말까지 칩 랠리""…외인, 환율 아랑곳 않고 5조 넘게 쓸어담아 연휴 끝나자마자…'반도체 투톱' 52주 최고가 국내 반도체기업 주가가 거침없이 뛰고 있다. SK하이닉스는 지난 2거래일간 18.9%, 삼성전자는 9.7% 급등했다. 하지만 전문가들은 “아직 차익 실현할 때가 아니다”고 입을 모았다. 오히려 조정이 올 때마다 분할매수하는 전략을 취해야 한다고 조언했다.◇반도체가 나홀로 이끄는 증시 10일 국내 증시는 ‘반도체 투톱’의 독무대였다. 개장 1시간 만에 삼성전자와 SK하이닉스 두 종목의 거래 대금이 4조원에 육박했다. 유가증권시장 전체 거래대금(19조1510억원)의 32.4%(6조2230억원)를 단 두 종목이 차지했다. 삼성전자는 6.07% 급등하며 52주 신고가를 경신했다. SK하이닉스도 8.22% 오르며 이날 처음 시가총액 300조원을 넘어섰다.연휴 내내 인공지능(AI) 관련 뉴스가 쏟아지며 반도체주를 자극했다는 분석이 나온다. 미국 AMD는 지난 6일 오픈AI와 6기가와트(GW) 규모의 AI 칩을 공급하는 계약을 맺었다고 밝혔다. 엔비디아가 아랍에미리트(UAE)에 수십억달러어치 AI 칩을 수출할 수 있도록 도널드 트럼프 미국 행정부가 승인했다는 소식도 호재로 작용했다. 이경민 대신증권 연구원은 “특히 AMD에 고대역폭메모리(HBM)를 공급하는 삼성전자가 최대 수혜주로 부각됐다”고 말했다. 다만 이날 상승 종목(유가증권시장 277개)보다 하락 종목(624개)이 더 많았다. 반도체주에만 매수세가 집중돼서다. 이스라엘과 하마스 간 휴전 소식에 한화에어로스페이스(-5.01%), LIG넥스원(-4.95%) 등 방위산업주가 일제히 약세를 보였다. HD현대중공업(-2.46%), 한화오션(-1.97%) 등 조선주도 내렸다. 외국인은 이달 들어 3거래일 간 유가증권시장에서만 5조3674억원어치 쓸어담았다. ◇투자은행들은 “AI 거품 없다” 짧은 기간 반도체주가 급등하자 투자자 사이에서 고민이 커지는 모양새다. 차익 실현과 신규 진입 시점을 놓고서다. 이와 관련해 반도체 주가 향방이 달린 ‘AI 랠리’가 당분간 지속될 가능성이 높다는 것이 전문가 중론이다.투자은행(IB) 골드만삭스는 최근 불거진 ‘AI 거품론’에 대해 “아직은 아니다”고 선을 그었다. 대형 기술주 ‘매그니피센트7’(M7)의 24개월 선행 주가수익비율(PER)이 현재 27배로, 1990년대 후반 ‘닷컴 버블’ 당시 주도주들의 절반 수준에 그친다는 점에서다. 기술주 거품 측정 단계인 ‘기술 혁신-주가 상승-과열-붕괴’ 가운데 2단계에 있다고 봤다. HBM뿐 아니라 메모리 반도체 가격이 뛰는 점도 호재다. 안정환 인터레이스자산운용 대표는 “단기 조정은 있을 수 있지만 결국 다시 오를 것”이라며 “2~3%씩 조정이 나올 때마다 분할 매수하는 전략을 활용하라”고 추천했다. 김태홍 그로쓰힐자산운용 대표는 “상승 기간이 짧은 반도체 소부장(소재·부품·장비) 관련주와 범용 반도체 비중이 높은 삼성전자를 눈여겨보라”고 조언했다. 반도체주를 앞세운 코스피지수 역시 추가 상승할 것이란 전망이 지배적이다. 모건스탠리는 최근 코스피지수의 12개월 후 목표치를 4000(12개월 선행 PER 13.4배)으로 상향했다. 다만 치솟는 원·달러 환율은 부담이다. 교착 상태에 놓인 미국과의 관세 협상이 길어지며 원화 약세 현상이 짙어지면 외국인 순매수세가 약해질 수 있다는 지적이 나온다. 심성미/강진규/조아라/선한결 기자 smshim@hankyung.com ADVERTISEMENT ADVERTISEMENT",hankyung.com,https://www.hankyung.com/article/2025101016921,정상 (1차),-1,"이 기사는 인공지능(AI) 열풍에 힘입은 반도체 산업의 '슈퍼 사이클'이 코스피 지수를 사상 최고치로 견인하며 한국 경제의 핵심 성장 동력임을 보여줍니다. 취업 준비생은 이 분야에서 높은 인재 수요와 견고한 성장 기회를 기대할 수 있으므로, 반도체 및 AI 관련 기술 역량을 강화하는 것이 중요합니다. 다만, 원/달러 환율 상승 등 일부 잠재적 위험 요인에 대한 이해도 필요합니다.",시장동향/트렌드 분석
SK하이닉스,9월만 123건…증시 질주에 임원 자사주 매도 늘었다,2025-10-10 17:13:14+09:00,"9월만 123건…증시 질주에 임원 자사주 매도 늘었다 - 기사 스크랩 - 공유 - 댓글 - 클린뷰 - 프린트 자사주 처분 나선 내부자들 박성찬 다날 회장, 지분 5% 매각 HPSP·휴젤·삼성전자 등도 매도 증시 급등에 차익실현 나선 듯 일각 ""내부자 매도는 고점 신호"" 정보 제한된 중소형주 주의 필요 박성찬 다날 회장, 지분 5% 매각 HPSP·휴젤·삼성전자 등도 매도 증시 급등에 차익실현 나선 듯 일각 ""내부자 매도는 고점 신호"" 정보 제한된 중소형주 주의 필요 주식시장이 사상 최고치를 연일 경신하면서 자사주를 내다파는 상장사 임원도 늘고 있다. 기업 내부 사정에 밝은 임원들의 보유주식 처분은 때때로 ‘주가 고점 신호’로 받아들여질 수 있다. 전문가들은 시가총액이 작고 유통 물량이 많지 않은 기업일수록 임원 주식 거래를 눈여겨봐야 한다고 조언했다. 단일 건으로 최대 물량은 전자결제업체 박성찬 다날 회장의 거래였다. 박 회장은 지난 1일 다날 지분 4.8%(330만주)를 시간외매매(블록딜) 방식으로 매각했다. 주당 9823원에 처분해 324억원을 받았다. 다날 주가는 스테이블코인 사업에 대한 기대로 연초 대비 250% 이상 급등했다. 회사 측은 주식담보대출 상환을 위해 처분을 결정했다고 설명했다. 박 회장은 지난 2016년 다날 지분 17.2%를 담보로 196억원의 주식담보대출을 받은 바 있다. 지난달 26일 퇴임한 반도체 장비 기업 HPSP의 김용운 전 사장은 22일부터 퇴임 당일까지 22만7400주(79억원어치)를 장내 매도했다. 퇴임 이후 공시 의무가 사라진 점을 고려하면 실제 매도 규모는 80억원을 넘어설 수 있다. HPSP는 메모리 반도체 사이클 회복에 힘입어 주가가 5월 말 대비 64.27% 상승했다. 자사주 매도 임원 수로는 삼성전자가 가장 많았다. 삼성전자는 임원 수만 1000명을 웃돈다. 윤영조·서형석 부사장 등 임원 7명이 지난달 이후 주식을 팔았다. 매도 규모는 모두 합쳐 6억6315만원에 불과했다. SK하이닉스는 주가 급등에도 자사주를 매각한 임원이 3명에 그쳤다. 자동차 부품 제조사인 삼현에선 지난달 임원 5명이 자사주 약 8억원어치를 시장에 매도했다. 유통업계 ‘마이다스의 손’으로 통하는 차 회장은 지난 2023년 LG생활건강을 떠나 휴젤로 적을 옮겼다. 이직 당시 발행주식의 1%에 해당하는 스톡옵션을 부여받은 차 회장은 지난 5월 일부를 행사해 휴젤 지분 0.25%를 확보했다. 휴젤은 최대주주인 아프로티테홀딩스 보유분과 자사주를 제외하면 유통 주식이 전체의 44%가량이다. 차 회장에게 남은 스톡옵션을 고려하면 잠재적인 총 매도 규모는 유통 물량의 2.3%가량이다. 시장에 매각설과 자진 상장폐지설 등이 거론되는 상황에서 ‘큰손’의 매도 소식까지 알려지자 휴젤 주가는 이달 들어 8.94% 하락했다. 같은 기간 코스닥 지수가 2.08% 상승한 것과 대조적이다. 증권업계에선 시가총액이 작고, 유통 물량이 적은 상장사일수록 임원의 보유주식 처분이 주가에 큰 영향을 미칠 수 있다고 경고한다. 한 자산운용업계 관계자는 “과거 한 게임사에선 신작 발표를 앞두고 IR담당 임원 등이 보유 지분을 모두 내다팔아 신작의 성과가 확인되기도 전에 주가가 급락한 일도 있었다”며 “정보가 많지 않은 중소형사일수록 임원 다수의 매도 공시는 강력한 ‘고점 시그널’로 해석될 수 있다”고 말했다. 전범진 기자 forward@hankyung.com ◇ 9월 처분, 전월비 55% 급증 10일 금융감독원 전자공시시스템에 따르면 지난달 이후 145명의 기업 임원이 자사주를 매각했다고 공시했다. 9월 한 달에만 123건의 매도 공시가 나왔는데, 전달 79건보다 55% 늘어난 규모로 월간 기준 올해 최대를 기록했다.단일 건으로 최대 물량은 전자결제업체 박성찬 다날 회장의 거래였다. 박 회장은 지난 1일 다날 지분 4.8%(330만주)를 시간외매매(블록딜) 방식으로 매각했다. 주당 9823원에 처분해 324억원을 받았다. 다날 주가는 스테이블코인 사업에 대한 기대로 연초 대비 250% 이상 급등했다. 회사 측은 주식담보대출 상환을 위해 처분을 결정했다고 설명했다. 박 회장은 지난 2016년 다날 지분 17.2%를 담보로 196억원의 주식담보대출을 받은 바 있다. 지난달 26일 퇴임한 반도체 장비 기업 HPSP의 김용운 전 사장은 22일부터 퇴임 당일까지 22만7400주(79억원어치)를 장내 매도했다. 퇴임 이후 공시 의무가 사라진 점을 고려하면 실제 매도 규모는 80억원을 넘어설 수 있다. HPSP는 메모리 반도체 사이클 회복에 힘입어 주가가 5월 말 대비 64.27% 상승했다. 자사주 매도 임원 수로는 삼성전자가 가장 많았다. 삼성전자는 임원 수만 1000명을 웃돈다. 윤영조·서형석 부사장 등 임원 7명이 지난달 이후 주식을 팔았다. 매도 규모는 모두 합쳐 6억6315만원에 불과했다. SK하이닉스는 주가 급등에도 자사주를 매각한 임원이 3명에 그쳤다. 자동차 부품 제조사인 삼현에선 지난달 임원 5명이 자사주 약 8억원어치를 시장에 매도했다. ◇ 중소형주 주가가 매도에 민감 회사 내부 사정에 밝은 임원의 매도 소식은 주가에 부정적 신호로 받아들여질 수 있다. 차석용 휴젤 회장은 다 음달 3일부터 12월 2일까지 자사주 1만2773주를 약 38억원에 처분할 계획이라고 지난 2일 공시했다. 차 회장은 지난 7월에도 1만2710주를 세 차례에 걸쳐 매도해 46억원을 현금화한 바 있다.유통업계 ‘마이다스의 손’으로 통하는 차 회장은 지난 2023년 LG생활건강을 떠나 휴젤로 적을 옮겼다. 이직 당시 발행주식의 1%에 해당하는 스톡옵션을 부여받은 차 회장은 지난 5월 일부를 행사해 휴젤 지분 0.25%를 확보했다. 휴젤은 최대주주인 아프로티테홀딩스 보유분과 자사주를 제외하면 유통 주식이 전체의 44%가량이다. 차 회장에게 남은 스톡옵션을 고려하면 잠재적인 총 매도 규모는 유통 물량의 2.3%가량이다. 시장에 매각설과 자진 상장폐지설 등이 거론되는 상황에서 ‘큰손’의 매도 소식까지 알려지자 휴젤 주가는 이달 들어 8.94% 하락했다. 같은 기간 코스닥 지수가 2.08% 상승한 것과 대조적이다. 증권업계에선 시가총액이 작고, 유통 물량이 적은 상장사일수록 임원의 보유주식 처분이 주가에 큰 영향을 미칠 수 있다고 경고한다. 한 자산운용업계 관계자는 “과거 한 게임사에선 신작 발표를 앞두고 IR담당 임원 등이 보유 지분을 모두 내다팔아 신작의 성과가 확인되기도 전에 주가가 급락한 일도 있었다”며 “정보가 많지 않은 중소형사일수록 임원 다수의 매도 공시는 강력한 ‘고점 시그널’로 해석될 수 있다”고 말했다. 전범진 기자 forward@hankyung.com ADVERTISEMENT ADVERTISEMENT",hankyung.com,https://www.hankyung.com/article/2025101015881,정상 (1차),-1,"이 기사는 주식시장 활황 속에서 기업 임원들의 자사주 매도가 늘고 있으며, 이는 때때로 주가 고점 신호로 해석될 수 있음을 보여줍니다. 취업 준비생은 지원 기업의 단기적인 주가 상승세만을 볼 것이 아니라, 내부자 거래 동향과 같은 재무적 신호를 분석하여 기업의 장기적인 안정성과 성장 가능성을 다각도로 평가해야 합니다. 이는 기업의 투명성과 리스크 관리 능력에 대한 질문으로 이어질 수 있습니다.",투자유치/재무
SK하이닉스,"""AI가 불붙인 반도체주, 아직 팔 때 아냐...더 오른다""",2025-10-10 17:10:01+09:00,"""AI가 불붙인 반도체주, 아직 팔 때 아냐...더 오른다"" - 기사 스크랩 - 공유 - 댓글 - 클린뷰 - 프린트 삼성전자·SK하이닉스…이틀새 각각 20%, 10% 급등 AI 수요 폭증에 반도체주 급등세 하이닉스 시총 300조 첫 돌파 ""조정 때마다 분할매수 유효"" AI 수요 폭증에 반도체주 급등세 하이닉스 시총 300조 첫 돌파 ""조정 때마다 분할매수 유효"" 국내 반도체주 상승세가 무섭다. SK하이닉스는 2거래일 간 18.9%, 삼성전자는 9.7% 급등했다. 그러나 전문가들은 “아직 차익실현 할 때가 아니다”라고 입을 모으고 있다. 오히려 조정이 올 때마다 분할매수하는 전략을 취할 때라는 조언이다. 달러나 엔화 등의 화폐가치가 하락하면서 증시에 우호적인 환경이 펼쳐지고 있는 가운데 연휴 기간 인공지능(AI) 관련 호재성 뉴스가 쏟아지며 반도체 주가를 자극했다. 지난 6일 반도체 업체 AMD는 오픈AI와 6기가와트(GW) 규모의 AI 칩을 공급하는 계약을 맺었다고 밝혔다. 엔비디아가 아랍에미리트(UAE)에 수십억 달러 규모의 AI 칩 수출을 할 수 있도록 도널드 트럼프 행정부가 승인했다는 소식도 호재로 작용했다. 이경민 대신증권 연구원은 “특히 AMD에 고대역폭메모리 반도체(HBM)를 공급하는 삼성전자가 최대 수혜주로 부각됐다”고 말했다. 다만 이날 반도체주에만 매수세가 집중되면서 상승종목(유가증권시장 277개)보다 하락종목(624개)이 더 많았다. 이스라엘과 하마스의 휴전 소식에 한화에어로스페이스(-5.01%), LIG넥스원(-4.95%) 등 방산주가 일제히 약세를 보였다. 중국이 희토류 수출 통제 수위를 높이면서 2차전지주도 내렸다. 투자은행(IB) 골드만삭스는 최근 불거지고 있는 ‘AI 버블론’에 대해 “아직 버블 구간이 아니다”라며 “ ‘매그니피센트 7(M7)’의 24개월 선행 주가수익비율(PER)은 27배로 1990년대 후반 IT 버블 당시의 절반 수준”이라고 진단했다. 기술주 버블 단계인 ‘기술 혁신-주가 상승-과열-붕괴’ 가운데 2단계에 있다고 봤다. HBM 뿐 아니라 메모리 반도체 가격이 급격히 오르고 있는 것도 호재다. 안정환 인터레이스자산운용 대표는 “단기 조정은 있을 수 있지만 당분간 반도체주의 상승세는 지속될 것”이라며 “2~3%씩 조정이 나올 때마다 반도체주를 분할매수하는 전략을 추천한다”고 말했다. 김태홍 그로쓰힐자산운용 대표는 “상승 기간이 짧았던 반도체 전공정 소부장 관련주나 범용 반도체 매출 비중이 높은 삼성전자의 상승세가 강할 것”이라고 내다봤다. 이날 외국인은 삼성전자를 6020억원어치 사들인 반면 SK하이닉스는 710억원어치 순매도했다. 반도체주를 앞세운 코스피지수도 무난히 상승할 수 있다는 전망이 지배적이다. 모건스탠리는 최근 코스피지수의 12개월 이후 목표치를 4000(12개월 선행 PER 13.4배)로 상향했다. 정부의 자본시장 선진화 정책까지 맞물려 오를 것이라는 예상이다. 다만 치솟는 원·달러 환율은 부담이다. 교착 상태에 놓인 미국과의 관세 협상이 길어지며 원화 약세 현상이 짙어지면 외국인 순매수세가 약해질 수 있다. 심성미/조아라/선한결 기자 심성미 기자 smshim@hankyung.com ○반도체가 이끄는 증시 10일 국내 증시는 ‘반도체 투톱’의 독주무대였다. 개장 1시간 만에 삼성전자와 SK하이닉스 두 종목의 거래 대금은 4조원에 육박했다. 이날 유가증권시장의 전체 거래대금(19조1510억원)의 32.4%(6조2230억원)을 두 종목이 차지했다. 삼성전자는 6.07% 급등하며 52주 신고가를 경신했다. SK하이닉스도 8.22% 오르며 이날 처음으로 시가총액 300조원을 넘어섰다.달러나 엔화 등의 화폐가치가 하락하면서 증시에 우호적인 환경이 펼쳐지고 있는 가운데 연휴 기간 인공지능(AI) 관련 호재성 뉴스가 쏟아지며 반도체 주가를 자극했다. 지난 6일 반도체 업체 AMD는 오픈AI와 6기가와트(GW) 규모의 AI 칩을 공급하는 계약을 맺었다고 밝혔다. 엔비디아가 아랍에미리트(UAE)에 수십억 달러 규모의 AI 칩 수출을 할 수 있도록 도널드 트럼프 행정부가 승인했다는 소식도 호재로 작용했다. 이경민 대신증권 연구원은 “특히 AMD에 고대역폭메모리 반도체(HBM)를 공급하는 삼성전자가 최대 수혜주로 부각됐다”고 말했다. 다만 이날 반도체주에만 매수세가 집중되면서 상승종목(유가증권시장 277개)보다 하락종목(624개)이 더 많았다. 이스라엘과 하마스의 휴전 소식에 한화에어로스페이스(-5.01%), LIG넥스원(-4.95%) 등 방산주가 일제히 약세를 보였다. 중국이 희토류 수출 통제 수위를 높이면서 2차전지주도 내렸다. ○‘AI 거품론’ 비웃는 증시…“더 간다” 짧은 기간에 반도체주가 급등하자 포트폴리오에 반도체주를 담은 투자자는 차익실현 시기를, 반도체주가 없는 투자자는 진입 여부를 고심하고 있다. 반도체 주가 향방이 달려있는 ‘AI 랠리’는 당분간 지속될 가능성이 높다는 게 전문가들의 중론이다. 최근 엔비디아는 AI 기업의 케펙스(자본지출)가 올해 약 7000억달러에서 2030년 연간 약 3~4조달러로 급증할 것으로 전망했다.투자은행(IB) 골드만삭스는 최근 불거지고 있는 ‘AI 버블론’에 대해 “아직 버블 구간이 아니다”라며 “ ‘매그니피센트 7(M7)’의 24개월 선행 주가수익비율(PER)은 27배로 1990년대 후반 IT 버블 당시의 절반 수준”이라고 진단했다. 기술주 버블 단계인 ‘기술 혁신-주가 상승-과열-붕괴’ 가운데 2단계에 있다고 봤다. HBM 뿐 아니라 메모리 반도체 가격이 급격히 오르고 있는 것도 호재다. 안정환 인터레이스자산운용 대표는 “단기 조정은 있을 수 있지만 당분간 반도체주의 상승세는 지속될 것”이라며 “2~3%씩 조정이 나올 때마다 반도체주를 분할매수하는 전략을 추천한다”고 말했다. 김태홍 그로쓰힐자산운용 대표는 “상승 기간이 짧았던 반도체 전공정 소부장 관련주나 범용 반도체 매출 비중이 높은 삼성전자의 상승세가 강할 것”이라고 내다봤다. 이날 외국인은 삼성전자를 6020억원어치 사들인 반면 SK하이닉스는 710억원어치 순매도했다. 반도체주를 앞세운 코스피지수도 무난히 상승할 수 있다는 전망이 지배적이다. 모건스탠리는 최근 코스피지수의 12개월 이후 목표치를 4000(12개월 선행 PER 13.4배)로 상향했다. 정부의 자본시장 선진화 정책까지 맞물려 오를 것이라는 예상이다. 다만 치솟는 원·달러 환율은 부담이다. 교착 상태에 놓인 미국과의 관세 협상이 길어지며 원화 약세 현상이 짙어지면 외국인 순매수세가 약해질 수 있다. 심성미/조아라/선한결 기자 심성미 기자 smshim@hankyung.com ADVERTISEMENT ADVERTISEMENT",hankyung.com,https://www.hankyung.com/article/202510101578i,정상 (1차),-1,"이 기사는 인공지능(AI) 수요 폭증이 반도체 산업의 강력한 성장 동력임을 명확히 보여주며, 삼성전자와 SK하이닉스 등 관련 기업들이 AI 반도체 기술을 통해 장기적인 성장을 기대하고 있음을 시사합니다. 이는 AI 기반 반도체 기술 개발 및 생산 역량을 갖춘 인재에 대한 수요가 크게 증가할 것임을 의미하므로, 취업 준비생은 해당 분야의 전문성을 강화하는 것이 중요합니다.",시장동향/트렌드 분석
